creator,base_model_count,total_derivatives,avg_downloads
MaziyarPanahi,301,349,126.13621262458472
Hachipo,88,89,1.3977272727272727
Qwen,69,13241,438801.50724637683
MinaMila,66,139,0.5303030303030303
Undi95,61,319,404.75409836065575
netcat420,53,118,3.8867924528301887
jondurbin,53,160,969.7547169811321
ibm-granite,51,503,8381.745098039215
unsloth,46,1373,4303.913043478261
nvidia,45,444,38438.444444444445
deepseek-ai,42,2918,233374.80952380953
AMindToThink,42,42,3.0238095238095237
microsoft,40,2049,194325.925
CompassioninMachineLearning,40,87,10.35
RylanSchaeffer,39,39,1.794871794871795
OpenBuddy,39,111,1471.8461538461538
xw17,39,39,0.28205128205128205
migtissera,38,166,2025.2894736842106
NousResearch,38,644,14816.394736842105
tiiuae,35,349,13235.828571428572
EleutherAI,34,1226,134623.82352941178
Locutusque,34,108,198.97058823529412
Muadil,33,37,0.5757575757575758
tomaszki,33,74,1.5151515151515151
internlm,33,204,7068.727272727273
tokyotech-llm,32,184,2158.25
Weyaxi,32,51,973.21875
NeverSleep,32,283,440.875
meta-llama,30,8900,669009.4
zai-org,29,421,88590.20689655172
QuixiAI,29,126,1257.2068965517242
google,28,1820,33273.21428571428
allenai,26,299,46452.11538461538
facebook,26,312,287881.3076923077
llm-jp,25,159,1788.72
kyujinpy,25,45,809.48
maywell,25,102,796.4
Salesforce,24,204,21063.375
ajibawa-2023,23,57,604.0869565217391
inclusionAI,23,66,2914.391304347826
cgato,23,83,29.608695652173914
princeton-nlp,23,59,419.8695652173913
uukuguy,23,52,1412.9565217391305
mlx-community,22,39,82.5
stabilityai,21,105,3454.904761904762
NaoS2,21,21,0.7142857142857143
dphn,21,133,3442.5714285714284
ChenMnZ,21,21,5.142857142857143
jpacifico,21,125,24.666666666666668
automerger,19,85,6.842105263157895
01-ai,19,162,12733.894736842105
typhoon-ai,19,30,1208.842105263158
vicgalle,18,95,2949.0555555555557
beomi,18,203,734.5555555555555
athirdpath,18,47,240.72222222222223
liminerity,18,184,589.9444444444445
ChaoticNeutrals,17,66,36.588235294117645
Kukedlc,17,43,1594.9411764705883
T3Q-LLM,17,18,3.0588235294117645
aifeifei798,17,55,32.88235294117647
openbmb,16,80,5470.875
TroyDoesAI,16,25,7.25
DS-Archive,16,47,20.4375
TinyLlama,16,749,137784.1875
m-a-p,15,64,754.4666666666667
NickyNicky,15,33,55.333333333333336
zzttbrdd,15,39,1.3333333333333333
Sumail,15,21,0.5333333333333333
AmanPriyanshu,15,25,40.266666666666666
arcee-ai,15,117,806.0
SongTonyLi,14,16,2.142857142857143
Sayan01,14,14,0.5714285714285714
williamlcn,14,14,1.6428571428571428
jeiku,14,52,17.785714285714285
KnutJaegersberg,14,21,738.4285714285714
h2oai,14,98,2423.8571428571427
inceptionai,14,25,1426.9285714285713
icefog72,14,41,6.214285714285714
VAGOsolutions,14,137,2153.0714285714284
LeroyDyer,14,24,32.5
llmware,13,18,96.6923076923077
bigscience,13,112,126231.15384615384
magnifi,13,13,0.6923076923076923
komi77,13,13,0.5384615384615384
macadeliccc,13,54,172.76923076923077
fblgit,13,47,537.0
DavidAU,13,138,99.92307692307692
yuiseki,13,14,4.0
zenlm,13,34,150.84615384615384
OwenArli,13,43,6.384615384615385
Azazelle,13,23,737.3846153846154
Finisha-F-scratch,13,25,153.46153846153845
Alelcv27,13,146,3.076923076923077
tencent,13,101,59467.38461538462
MergeBench,12,13,66.5
rombodawg,12,31,1657.3333333333333
kakaocorp,12,161,1777.5833333333333
FPHam,12,35,248.75
CohereLabs,12,196,8085.0
bigcode,12,190,15936.416666666666
yam-peleg,12,184,654.9166666666666
davidkim205,12,32,737.1666666666666
failspy,12,113,4103.583333333333
codellama,12,294,33175.083333333336
GAI-LLM,12,13,4.166666666666667
TIGER-Lab,12,257,2187.1666666666665
pankajmathur,12,37,562.25
AIDC-AI,12,58,18475.583333333332
RefalMachine,11,55,17.636363636363637
KR-X-AI,11,27,1.7272727272727273
chihoonlee10,11,30,15.636363636363637
lgaalves,11,13,1037.5454545454545
Sorour,11,15,1.1818181818181819
Trelis,11,17,164.54545454545453
Gryphe,11,35,1208.7272727272727
PracticeLLM,11,18,76.36363636363636
Ba2han,11,19,214.0
Local-Novel-LLM-project,11,20,119.9090909090909
shleeeee,11,20,5.090909090909091
thelamapi,11,30,294.45454545454544
jan-hq,11,27,154.63636363636363
chargoddard,11,20,674.6363636363636
abacusai,10,86,3937.5
UCLA-AGI,10,98,4061.0
mlabonne,10,41,396.7
DopeorNope,10,18,336.8
dicta-il,10,42,1224.8
Shaleen123,10,13,13.0
TeeZee,10,34,84.4
FreedomIntelligence,10,13,336.9
BAAI,10,13,3935.4
kyutai,10,20,1735.7
heka-ai,10,10,3.1
maldv,10,23,26.2
amd,10,48,2784.1
alielfilali01,10,10,10.5
LeoLM,10,38,461.1
HelpingAI,10,26,218.7
AIdenU,10,14,5.9
SanjiWatsuki,10,164,713.5
WizardLMTeam,9,157,4124.777777777777
akshit-Gupta,9,9,2.6666666666666665
Eric111,9,14,156.88888888888889
dreamgen,9,26,344.77777777777777
hyeogi,9,20,5.111111111111111
IlyaGusev,9,79,44634.0
Ja-ck,9,12,3.7777777777777777
CorticalStack,9,42,114.55555555555556
garage-bAInd,9,31,889.7777777777778
Crystalcareai,9,15,2.2222222222222223
Weni,9,10,2.2222222222222223
Epiculous,9,90,138.0
nightmedia,9,9,6.777777777777778
ShenaoZ,9,9,0.5555555555555556
SillyTilly,9,12,18.555555555555557
TigerResearch,9,16,105.77777777777777
RLHFlow,9,19,524.4444444444445
AliMaatouk,9,10,71.11111111111111
Sao10K,9,398,768.0
pszemraj,9,13,288.77777777777777
Heralax,9,20,48.77777777777778
vilm,9,17,66.88888888888889
vihangd,9,59,605.6666666666666
HuggingFaceTB,9,1194,147275.66666666666
AdaptLLM,9,47,395.8888888888889
tmd-rahul,9,11,4.444444444444445
MBZUAI,9,11,490.8888888888889
spikymoth,9,9,0.2222222222222222
FelixChao,9,16,317.0
aloobun,9,16,125.55555555555556
ResplendentAI,9,49,77.77777777777777
KoboldAI,8,67,434.75
AXCXEPT,8,50,34.0
LiquidAI,8,332,65543.125
LLM360,8,19,6696.25
theprint,8,12,19.0
R136a1,8,11,16.625
MergeMerge,8,8,0.625
M4-ai,8,13,75.5
v2ray,8,14,6.25
IQuestLab,8,29,2433.5
occiglot,8,21,255.75
openaccess-ai-collective,8,23,1501.25
mesolitica,8,11,24.0
brucethemoose,8,31,507.75
braindao,8,15,2.875
crestf411,8,44,5.25
DeepMount00,8,16,1107.75
acrastt,8,13,613.375
eren23,8,50,115.25
l3utterfly,8,51,389.0
minpeter,8,9,2.625
apple,8,79,203188.75
elyza,8,86,2440.125
geodesic-research,8,9,56.25
heegyu,8,29,306.75
bunnycore,8,12,38.75
lmsys,8,138,359727.0
DiscoResearch,8,46,775.0
mncai,7,12,435.0
AI-Sweden-Models,7,17,19232.0
LumiOpen,7,41,1234.857142857143
LGAI-EXAONE,7,175,78831.28571428571
tinycompany,7,17,1.7142857142857142
MarinaraSpaghetti,7,66,58.857142857142854
THU-KEG,7,9,7.285714285714286
prithivMLmods,7,20,4.285714285714286
nothingiisreal,7,63,94.42857142857143
qingy2024,7,16,6.0
pfnet,7,19,11022.857142857143
Grogros,7,17,1.5714285714285714
RWKV,7,12,2128.0
priyanshi27dixit,7,7,0.42857142857142855
spow12,7,10,3.4285714285714284
AgentPublic,7,11,6.714285714285714
schnapper79,7,24,9.285714285714286
FourOhFour,7,21,2.5714285714285716
TomGrc,7,11,783.8571428571429
Azure99,7,12,1600.2857142857142
moonshotai,7,96,53375.142857142855
appvoid,7,169,116.0
anthracite-org,7,155,407.7142857142857
knowledgator,7,7,20.0
kingbri,7,19,228.85714285714286
BruhzWater,7,18,23.428571428571427
ai21labs,7,40,3525.5714285714284
lightblue,7,18,362.85714285714283
ByteDance-Seed,7,85,8719.714285714286
Efficient-Large-Model,7,7,874.0
adamo1139,7,13,543.4285714285714
Xenon1,7,8,111.57142857142857
adalbertojunior,7,8,5.428571428571429
BeaverLegacy,7,20,30.857142857142858
lmms-lab,7,15,22239.0
TurkuNLP,7,8,494.85714285714283
minchyeom,7,19,1.8571428571428572
alpindale,7,38,1943.857142857143
kevin009,7,9,236.28571428571428
CalderaAI,7,21,717.2857142857143
Elizezen,7,28,3.0
Dorian2B,7,11,1.5714285714285714
bartowski,7,8,19.142857142857142
Corianas,7,13,138.0
ContextualAI,7,13,3857.5714285714284
defog,7,98,11661.714285714286
zhuojing-huang,7,7,0.7142857142857143
ymoslem,7,7,0.5714285714285714
yujiepan,7,7,676.1428571428571
4yo1,6,6,5.5
ys-zong,6,6,48.166666666666664
zarakiquemparte,6,12,534.5
hdong0,6,7,0.5
baidu,6,91,13950.166666666666
ChiKoi7,6,12,2.6666666666666665
gradientai,6,43,1823.5
bofenghuang,6,23,727.3333333333334
freewheelin,6,9,7153.333333333333
cyberagent,6,23,1418.6666666666667
ddh0,6,18,2.3333333333333335
Erland,6,18,1.5
EpistemeAI,6,9,2.6666666666666665
lodrick-the-lafted,6,28,28.5
Edgerunners,6,18,7.5
memevis,6,13,0.6666666666666666
meituan-longcat,6,35,6028.333333333333
llm-agents,6,19,833.3333333333334
BarryFutureman,6,13,295.8333333333333
jphme,6,26,1573.6666666666667
autoprogrammer,6,71,2.6666666666666665
baichuan-inc,6,8,64809.333333333336
invisietch,6,40,9.833333333333334
TheBlueObserver,6,16,1.8333333333333333
TheDrummer,6,64,54.0
Finnish-NLP,6,17,43.0
Treza12,6,6,0.16666666666666666
Guilherme34,6,12,2.8333333333333335
SeaLLMs,6,22,4579.333333333333
ArianAskari,6,6,111.5
Open-Orca,6,70,1453.8333333333333
skt,6,73,118186.0
Nitral-AI,6,87,74.33333333333333
Norquinal,6,10,128.66666666666666
speakleash,6,30,17812.333333333332
0-hero,6,6,95.83333333333333
totally-not-an-llm,6,12,792.5
togethercomputer,6,20,2753.0
utter-project,6,17,3429.6666666666665
upstage,6,75,11116.166666666666
LyraNovaHeart,6,18,6.166666666666667
HiTZ,6,39,231.33333333333334
MrezaPRZ,6,13,1.5
TechxGenus,6,13,24.166666666666668
SvalTek,6,17,1.5
SmallDoge,6,14,223.16666666666666
SakanaAI,6,16,24.0
Panchovix,6,6,129.16666666666666
AngelRaychev,6,38,0.5
openerotica,6,14,4.166666666666667
p-e-w,6,23,1571.6666666666667
BEE-spoke-data,6,17,1169.5
jinaai,5,52,3021.8
cloudyu,5,11,2112.2
cepiloth,5,5,2.2
eternisai,5,6,56.8
0x7o,5,5,3.8
flozi00,5,7,4.0
gemmathon,5,5,67.8
VIRNECT,5,5,8.4
meta-math,5,42,1795.0
Writer,5,14,255.6
Unbabel,5,11,606.4
liuhaotian,5,17,154818.2
Chat-Error,5,14,3.0
DrNicefellow,5,5,31.8
openai-community,5,1998,2836288.8
pythainlp,5,6,15.8
rinna,5,12,105793.2
RESMPDEV,5,5,3.8
openthaigpt,5,38,1324.4
SicariusSicariiStuff,5,26,527.4
Aryanne,5,8,11.2
sapienzanlp,5,57,2046.4
OpenAssistant,5,31,1225.4
LeonGuertler,5,5,0.0
LLM4Binary,5,10,745.0
unionai,5,5,5.4
MediaTek-Research,5,39,246.2
MiniLLM,5,6,20.4
state-spaces,5,31,39422.8
wang7776,5,5,598.0
willcb,5,14,803.6
stepfun-ai,5,32,25740.0
Murasaki-Project,5,6,62.4
Agnuxo,5,8,3.0
Hastagaras,5,64,5.8
royallab,5,17,2636.0
sambanovasystems,5,9,116.0
nsfwthrowitaway69,5,10,20.6
OrionStarAI,5,9,1980.8
TencentARC,5,9,465.8
openlm-research,5,82,11202.6
openchat,5,51,1768.8
gizmo-ai,5,8,2.2
lilmeaty,5,17,3.4
lightonai,5,14,103733.8
ai-forever,5,41,17976.4
Envoid,5,5,4.8
martyn,5,7,828.6
WebraftAI,5,5,753.6
ValiantLabs,5,14,3474.8
lcw99,5,20,6.8
Yhyu13,5,12,166.2
Blackroot,5,10,1.6
Xwin-LM,5,11,408.0
YashRawal225,5,5,1.6
instruction-pretrain,5,41,2787.6
ilsp,5,19,213.6
CausalLM,5,12,2421.4
aryolotfi,5,5,1.4
Deci,5,22,1528.2
hyokwan,5,9,6.4
habanoz,5,6,805.8
ethzanalytics,5,7,7.0
yentinglin,5,8,76.6
wisenut-nlp-team,5,6,4.0
elinas,5,12,695.0
Danielbrdz,5,15,3076.6
Jackrong,5,19,1148.8
Jeeeeeeeeeeeeeeez,5,5,0.8
IkariDev,5,12,693.8
yifanxie,5,5,1.6
Kwaipilot,5,34,39.4
vanillaOVO,5,23,102.2
sophosympatheia,5,47,316.4
sarvamai,5,24,10728.4
nilq,5,8,44.4
Trendyol,5,50,231.6
FlareRebellion,5,22,37.4
meetkai,5,7,31.2
Severian,5,9,328.0
Sharathhebbar24,5,6,272.4
TheBloke,5,27,1330.6
XiaomiMiMo,4,11,123423.25
luaqi,4,8,1.25
YeungNLP,4,8,801.0
BlinkDL,4,49,0.0
XGenerationLab,4,4,39.25
ambrosfitz,4,4,5.75
arnavgrg,4,4,17.0
Dream-org,4,11,26801.75
axolotl-ai-co,4,7,2682.0
ibm-research,4,9,128189.25
ifuseok,4,4,7.75
kimwooglae,4,5,377.25
Cartinoe5930,4,4,194.5
allstax,4,6,1.25
Endevor,4,41,9.5
kshitijthakkar,4,6,10.25
konvolution,4,4,0.75
CYFRAGOVPL,4,9,1244.5
Edens-Gate,4,8,1.25
lipefree,4,13,1.25
Duxiaoman-DI,4,8,2149.75
dmis-lab,4,27,124.5
Darkknight535,4,6,4.0
flemmingmiguel,4,37,676.0
chujiezheng,4,17,4304.25
InsultedByMathematics,4,4,1.25
Intelligent-Internet,4,15,349.0
erdem-erdem,4,10,1.75
DataPilot,4,10,6.25
yanolja,4,13,185.5
xverse,4,7,1845.5
4bit,4,4,2.25
ytu-ce-cosmos,4,40,637.0
x2bee,4,4,6.0
winglian,4,8,472.5
IntervitensInc,4,31,18.0
KISTI-KONI,4,40,931.75
dddsaty,4,4,59.5
CryptoYogi,4,4,39.25
cmarkea,4,4,651.0
ff670,4,8,5.0
Delcos,4,13,734.0
crumb,4,9,191.75
cookinai,4,5,558.75
codefuse-ai,4,13,75.25
hrezaei,4,6,2.0
johnpaulbin,4,4,1.5
kaitchup,4,9,126.25
ketchup123,4,4,1.75
ByteDance,4,4,12116.25
hfl,4,11,4475.75
etri-xainlp,4,4,3.75
cerebras,4,13,1053.25
mjm4dl,4,6,0.75
mistral-community,4,109,2062.0
malhajar,4,5,236.25
WhiteRabbitNeo,4,22,2491.25
PetroGPT,4,44,503.5
ParScale,4,4,31.0
Orenguteng,4,132,1592.5
OuteAI,4,33,58.75
parler-tts,4,17,70858.5
p208p2002,4,6,11.0
PygmalionAI,4,27,1049.75
Goekdeniz-Guelmez,4,6,4.5
prometheus-eval,4,10,19067.5
Sakalti,4,10,4.25
PleIAs,4,24,1825.5
PipableAI,4,4,59.25
GeneZC,4,8,1059.0
nota-ai,4,4,3.25
SciPhi,4,22,825.5
GAIR,4,13,2427.75
SteelStorage,4,21,560.75
megastudyedu,4,10,7.0
BSC-LT,4,36,491.75
TheMockingJay1013,4,8,1.25
naver-hyperclovax,4,32,11631.5
BKM1804,4,5,0.5
mrm8488,4,10,622.25
p1atdev,4,4,7.25
Ash2749,4,4,1.25
mzbac,4,5,236.5
Raziel1234,4,5,322.0
raincandy-u,4,4,41.5
HPAI-BSC,4,15,362.5
HanningZhang,4,4,0.25
NYTK,4,8,346.5
NLPark,4,4,4292.5
Niraya666,4,4,0.0
Nisk36,4,6,2.0
Nofing,4,4,2.0
Henk717,4,10,391.5
salmankhanpm,4,4,37.5
OEvortex,4,16,63.5
OpenDFM,4,6,8213.5
NovaSky-AI,4,7,154.0
Alibaba-NLP,4,26,126024.0
Alphacode-AI,4,4,4.25
sosoai,4,4,2.25
skarnam,4,8,1.5
AlexHung29629,4,8,4.0
thejaminator,4,11,0.75
Aeala,4,4,841.25
MNC-LLM,4,8,1.5
Maxtimer97,4,6,4.0
sujayrittikar,4,4,0.5
teknium,4,17,13.5
MiniMaxAI,4,133,197026.25
tensorplex-labs,4,10,1.75
stylellm,4,4,6.0
MTSAIR,4,42,4520.25
MarsupialAI,4,24,10.25
voidful,4,10,1681.5
Abhishek107,4,4,2.5
turboderp,4,37,2153.25
Kooten,4,15,385.5
UnfilteredAI,3,6,2872.6666666666665
youjunhyeok,3,4,4.333333333333333
yulan-team,3,14,299.6666666666667
yuuko-eth,3,4,3.6666666666666665
OminousDude,3,3,0.0
PatronusAI,3,13,14109.0
ecastera,3,3,3.3333333333333335
almanach,3,6,121.33333333333333
allura-org,3,18,23.333333333333332
EmergentMethods,3,3,42.0
ghost-x,3,14,223.0
McGill-NLP,3,3,12.333333333333334
PRIME-RL,3,8,67.0
FlagAlpha,3,8,6361.0
Fizzarolli,3,17,4.0
Doctor-Shotgun,3,9,115.33333333333333
bitext,3,4,14.666666666666666
gorilla-llm,3,9,69.0
hamxea,3,3,111.0
heni86,3,3,1.3333333333333333
homeb82784,3,6,1.6666666666666667
andrijdavid,3,4,26.0
Vanessasml,3,4,7.666666666666667
hllj,3,12,2.3333333333333335
hinny-coder,3,3,0.0
daiandy,3,18,0.6666666666666666
Ppoyaa,3,3,3.3333333333333335
hyunseoki,3,5,536.3333333333334
JackFram,3,33,64916.333333333336
hwkwon,3,6,4.666666666666667
abhishekchohan,3,4,129.66666666666666
infly,3,50,168.66666666666666
Skywork,3,3,79.0
indischepartij,3,4,80.0
jerryzh168,3,3,0.0
bhenrym14,3,6,493.3333333333333
Isotonic,3,6,39.666666666666664
Phind,3,13,1327.0
jtatman,3,18,3.3333333333333335
josem7,3,4,1.6666666666666667
jwkweon,3,3,5.0
kawagoshi-llm-team,3,3,0.0
TucanoBR,3,16,851.0
abcorrea,3,6,2.6666666666666665
CarrotAI,3,3,10.333333333333334
Voicelab,3,15,1676.3333333333333
kuotient,3,13,1520.6666666666667
cygu,3,4,25.333333333333332
RAS1981,3,3,17.0
krishna195,3,3,1.6666666666666667
lgodwangl,3,8,0.0
lex-hue,3,3,5229.666666666667
C10X,3,7,9.0
VityaVitalich,3,3,649.6666666666666
lllyasviel,3,4,21.666666666666668
dominguesm,3,7,50.333333333333336
chlee10,3,3,4.666666666666667
lizchu413,3,3,0.3333333333333333
lisabdunlap,3,14,2.3333333333333335
Q-bert,3,7,517.0
luvGPT,3,13,50.666666666666664
PrimeIntellect,3,7,52.333333333333336
StatPan,3,3,4.0
lordjia,3,3,66.33333333333333
JoshXT,3,3,34.666666666666664
StanfordAIMI,3,6,2916.3333333333335
manishiitg,3,3,6.0
NESPED-GEN,3,3,0.0
ND911,3,4,1.3333333333333333
budecosystem,3,11,1115.6666666666667
m42-health,3,13,4969.0
lxsure,3,6,1.3333333333333333
alnrg2arg,3,17,723.3333333333334
ImagineIt,3,3,0.3333333333333333
Muhammad2003,3,7,6.333333333333333
markrodrigo,3,3,1.0
codelion,3,4,59.333333333333336
marcuscedricridia,3,23,2.3333333333333335
mattshumer,3,5,9.666666666666666
caisarl76,3,3,265.3333333333333
ausboss,3,9,811.0
BlueNipples,3,8,532.6666666666666
cnut1648,3,3,1.6666666666666667
Kaballas,3,3,3.6666666666666665
anthonymeo,3,4,1.0
Fredithefish,3,7,1044.6666666666667
fearlessdots,3,8,6.0
RinKana,3,5,0.0
adriata,3,4,16.0
Riiid,3,9,842.6666666666666
mii-llm,3,5,652.0
Keynote-Technology,3,9,6.0
mii-community,3,3,435.0
bardsai,3,20,378.6666666666667
mlinmg,3,6,77.33333333333333
mylesgoose,3,6,18.0
NbAiLab,3,5,28.666666666666668
ank028,3,21,354.0
sequelbox,3,7,50.333333333333336
baesad,3,3,0.0
ReasoningTransferability,3,6,22.666666666666668
Austism,3,6,578.0
niryuu,3,4,13.333333333333334
nineninesix,3,20,1660.3333333333333
nickypro,3,5,1305.3333333333333
Walmart-the-bag,3,7,503.0
0xSero,3,9,11.333333333333334
akjindal53244,3,56,1554.0
oivlisnet,3,3,0.0
dhyay,3,3,1.3333333333333333
blueapple8259,3,3,263.3333333333333
anfindsen,3,4,0.6666666666666666
Ksgk-fy,3,5,0.0
ohyeah1,3,15,5.666666666666667
dawn17,3,3,114.33333333333333
Arkana08,3,4,1.3333333333333333
fxmeng,3,4,1.6666666666666667
DevopsEmbrace,3,9,140.66666666666666
aixsatoshi,3,5,2.6666666666666665
dhmeltzer,3,3,791.0
orpo-explorers,3,3,3.0
AsphyXIA,3,3,1.3333333333333333
phamhoangf,3,3,0.3333333333333333
ferrazzipietro,3,4,57.333333333333336
Wonder-Griffin,3,6,7.666666666666667
NilanE,3,4,0.6666666666666666
croissantllm,3,14,471.3333333333333
pipizhao,3,6,4.0
Felladrin,3,17,292.3333333333333
Featherless-Chat-Models,3,4,7699.666666666667
piotr-ai,3,3,0.0
LargeWorldModel,3,9,99.0
prem-research,3,9,712.6666666666666
quantumaikr,3,12,503.6666666666667
qnguyen3,3,3,7030.333333333333
richmondsin,3,3,0.0
rhysjones,3,16,140.66666666666666
devhyun88,3,3,3.6666666666666665
rwitz2,3,8,494.6666666666667
Loyola,3,4,4.666666666666667
NeuralNovel,3,5,118.66666666666667
DreadPoor,3,9,108.0
fxmarty,3,4,16548.333333333332
Ichsan2895,3,7,47.333333333333336
ISTA-DASLab,3,4,325.3333333333333
carsenk,3,22,283.3333333333333
Yukang,3,4,540.0
rrw-x2,3,4,4.666666666666667
NoesisLab,3,12,252.33333333333334
saiscorelabsai,3,5,0.3333333333333333
sagea-ai,3,3,1.3333333333333333
camel-ai,3,6,775.0
sbintuitions,3,11,1054.0
Nitral-Archive,3,3,5.666666666666667
Himitsui,3,13,77.33333333333333
bharatgenai,3,3,403.3333333333333
senseable,3,53,454.6666666666667
seedboxai,3,6,19.333333333333332
ai-sage,3,14,2063.3333333333335
Herry443,3,3,42.333333333333336
beyoru,3,3,41.0
GSAI-ML,3,35,232841.0
sleepdeprived3,3,24,3.6666666666666665
somosnlp,3,3,12.666666666666666
smirki,3,3,1.3333333333333333
cnmoro,3,3,6.0
speechlessai,3,4,763.0
taide,3,9,1488.3333333333333
AlSamCur123,3,8,7.0
trl-internal-testing,3,17,2357951.3333333335
alibaba-pai,3,3,5.333333333333333
aubmindlab,3,14,3273.0
trillionlabs,3,14,374.3333333333333
tomoe007,3,3,1.0
clouditera,3,3,42.666666666666664
abacaj,3,5,51.333333333333336
typeof,3,3,4.333333333333333
ServiceNow-AI,3,8,240.33333333333334
win10,3,6,22.0
datek,3,3,1.0
whizzzzkid,3,5,6.333333333333333
AI4Chem,3,3,231.33333333333334
clibrain,3,10,538.6666666666666
wons,3,3,8.0
xxx777xxxASD,3,3,2.6666666666666665
OpenRLHF,3,4,504.0
2A2I-R,3,3,14.666666666666666
e-palmisano,2,2,1632.0
FluffyKaeloky,2,7,31.0
fierysurf,2,2,743.5
yunconglong,2,5,12308.5
duyhv1411,2,2,5.0
erfanzar,2,3,3.0
FlameF0X,2,2,167.5
zhouzr,2,3,0.0
ParasiticRogue,2,2,7.0
PabloSuaLap,2,2,3.5
EdgerunnersArchive,2,4,5.0
PAIXAI,2,10,349.0
Vezora,2,5,18.0
Vdr1,2,4,9.0
12thD,2,2,5.0
0rn0,2,2,10.5
PragmaticPete,2,2,1.0
coralieb7,2,2,1.0
PotatoOff,2,4,676.0
fhnw,2,2,2.0
JY623,2,2,1.0
Delta-Vector,2,13,3.5
context-labs,2,3,113.5
JEJUMA,2,2,5.5
UnicomLLM,2,4,8612.0
URajinda,2,3,4.0
PetterLee,2,2,0.5
bhavinjawade,2,4,780.0
ewqr2130,2,2,743.0
JinyiHan,2,5,35.0
fhai50032,2,2,55.5
coderbojack,2,2,2.5
codeparrot,2,4,38050.5
JetLM,2,3,2298.0
RAANA-IA,2,3,69.0
JetBrains,2,14,1337.5
JesseLiu,2,2,2.0
amazingvince,2,19,60.0
flax-community,2,3,160.5
Qiskit,2,3,17.0
VishnuPJ,2,3,10.5
K-intelligence,2,28,4897.0
ViraIntelligentDataMining,2,4,12.0
JulianKrgd,2,2,4.0
Jsoo,2,4,7.0
Josephgflowers,2,13,556.5
Joseph717171,2,12,16.0
VincentGOURBIN,2,3,2.5
Radu1999,2,2,112.5
RUC-AIBOX,2,2,4.5
Vikhrmodels,2,17,117.5
Ignaciohhhhggfgjfrffd,2,4,0.5
buddhist-nlp,2,3,353.0
GritLM,2,2,8574.5
GreatCaptainNemo,2,4,106.0
coconana,2,2,0.5
Gragroo,2,2,2.5
KONIexp,2,2,2.5
DeepESP,2,74,1193.0
RikoteMaster,2,2,1.5
KeyonZeng,2,2,57.0
Eurdem,2,4,48.5
KatyTheCutie,2,12,88.0
cxllin,2,13,9.0
drudilorenzo,2,2,1.0
IntelLabs,2,2,934.5
Redgalaxy2,2,2,5.0
We-Want-GPU,2,3,3.0
Infinirc,2,2,4302.5
Infinigence,2,6,20.5
cutycat2000x,2,2,4.0
LLaMAX,2,6,208.5
Deathsquad10,2,2,434.5
WKQ9411,2,3,0.0
RajuKandasamy,2,2,8.5
Kquant03,2,2,341.5
Rudra-ai,2,2,1.0
Kortix,2,22,531.0
VortexHunter23,2,2,1.0
androlike,2,3,1.0
ce-lery,2,3,28.5
ICBU-NPU,2,4,1280.5
RohitSuresh15,2,2,2.5
dreamgen-preview,2,8,5.0
FinaPolat,2,4,3.0
feeltheAGI,2,2,56.0
Faradaylab,2,4,939.5
Lambent,2,3,2.0
LSX-UniWue,2,5,607.5
arlineka,2,4,57.5
arkitekt-ai,2,8,0.5
LucidityAI,2,5,8.0
SVECTOR-CORPORATION,2,2,7.0
argilla,2,11,353.5
Lominub44,2,3,1.5
SRDdev,2,3,47.0
IEITYuan,2,2,38.0
Youlln,2,10,3.5
S4sch,2,4,732.0
emmazariah,2,2,0.0
RyotaKadoya1993,2,2,1.5
RuterNorway,2,4,716.5
MaLA-LM,2,2,18.0
aquiffoo,2,2,8.5
MSL7,2,45,113.5
euclaise,2,2,6.0
cpm-ai,2,2,4.5
cahya,2,3,309.5
caelunshun,2,2,0.5
SchubergPhilis,2,2,0.0
cpayne1303,2,2,6.0
Lyte,2,10,21.0
Saxo,2,4,13.0
augtoma,2,8,922.0
Mawdistical,2,11,1.0
Xenova,2,4,5570.5
augmxnt,2,9,765.0
MatteoKhan,2,4,4.0
destinyzxj,2,2,16.5
abagade,2,2,0.0
ShadrackImai,2,2,0.0
cenkersisman,2,2,33.5
derek33125,2,2,1.0
Makrrr,2,2,0.0
dongguanting,2,2,3.5
Seanxh,2,2,0.5
Zyphra,2,4,494.5
daniazie,2,3,0.5
Gille,2,2,58.0
Mikael110,2,4,800.5
eminAydin,2,4,1.0
denocris,2,2,1.5
damienbenveniste,2,5,4.0
MerlynMind,2,4,7.0
Gen2B,2,5,44.0
MergeBench-2B,2,2,0.0
Gen-Verse,2,2,40.0
Gargaz,2,2,20.5
Meggido,2,2,1.0
emilykang,2,2,1.5
DrRiceIO7,2,2,0.5
Smuggling1710,2,2,3.5
SmitTrivedi,2,2,0.5
Mollel,2,3,9.0
Smilyai-labs,2,2,1.0
ModelsLab,2,2,16.5
daekeun-ml,2,2,7.5
MoaData,2,5,5601.0
d4niel92,2,2,0.5
Minirecord,2,4,379.5
MiniMoog,2,8,112.0
delitante-coder,2,2,3.5
abhinand,2,6,897.0
cyrah-ai,2,2,0.0
abc88767,2,7,0.5
featherless-ai,2,4,51.0
aws-prototyping,2,7,8466.5
awnr,2,2,61.5
Hlias11,2,2,1.5
Equall,2,66,700.0
Daemontatox,2,5,8.5
StentorLabs,2,5,231.0
Motif-Technologies,2,4,530.0
automatedstockminingorg,2,2,1.5
ai-maker-space,2,16,2.0
NExtNewChattingAI,2,2,740.5
N8Programs,2,3,3.5
ahxt,2,7,1042.0
agi-designer,2,3,1.0
agentlans,2,3,0.0
flammenai,2,2,1.5
DavidLanz,2,4,4.0
adityaR007,2,3,0.0
Netrve,2,4,0.0
flyingbugs,2,28,5.0
Neko-Institute-of-Science,2,3,806.0
chenshake,2,2,0.5
TEL-LLM,2,2,0.0
T3Q-LLM-Product,2,2,2.5
abluesky0223,2,2,5.5
abideen,2,6,340.0
Syed-Hasan-8503,2,3,29.0
CultriX,2,3,346.5
NTQAI,2,26,836.5
edumunozsala,2,2,7.0
ENERGY-DRINK-LOVE,2,2,5.5
TRAC-MTRY,2,4,0.0
aisingapore,2,4,88.5
GOAT-AI,2,4,879.5
chanwit,2,2,673.0
NgVietAnh41,2,2,46.0
Nexusflow,2,36,1406.5
G-reen,2,4,1.5
NexaAI,2,2,24.0
DungND1107,2,3,0.0
Neuronovo,2,3,8.0
Nondzu,2,11,6.0
NobutaMN,2,2,3.0
Dracones,2,2,0.0
NlpHUST,2,13,441.0
ai4bharat,2,3,246512.5
Hi-Q,2,4,0.5
ThaiLLM,2,6,1966.0
Omartificial-Intelligence-Space,2,3,9.0
chainup244,2,2,1.0
Tensoic,2,5,3.5
alibayram,2,2,3.5
OPI-PG,2,3,1486.5
ONS-AI-RESEARCH,2,2,5.0
NumbersStation,2,3,189.0
noirchan,2,2,1.0
clinicalnlplab,2,2,2.5
Novaciano,2,3,1.5
TeichAI,2,2,15.0
frameai,2,3,4.0
daryl149,2,4,289.0
OpenSafetyLab,2,4,663.0
Finisha-LLM,2,2,11.0
TitleOS,2,6,68.0
OpenMeditron,2,3,1863.5
kalytm,2,7,15.5
kalisai,2,3,116.5
kevinpro,2,4,406.0
kenken6696,2,6,0.0
kldzj,2,4,46496.5
Chainbase-Labs,2,7,23.0
diffnamehard,2,4,393.0
CVP164,2,2,0.5
kyx0r,2,6,48.5
decem,2,2,745.0
kromcomp,2,3,0.0
DAMO-NLP-MT,2,2,449.0
kotoba-tech,2,2,6.0
leafspark,2,2,2.5
lamm-mit,2,2,23.5
lalainy,2,3,3.0
lalagi2,2,2,1.5
echarlaix,2,3,21856.5
ghemdd,2,3,1.5
lemonilia,2,5,44.0
CHOOSEIT,2,3,1.5
genne,2,2,3.5
Byungchae,2,2,4.5
Brillibits,2,5,422.0
grimulkan,2,3,3.5
gotchu,2,2,0.5
beberik,2,8,689.0
line-corporation,2,6,94.5
gmongaras,2,2,2.5
hakurei,2,4,817.5
logicker,2,2,5.0
gustavecortal,2,3,7.5
malteos,2,17,12.0
gsoloupis,2,2,2.0
lxuechen,2,4,39.0
gsjang,2,4,3.5
Bin12345,2,3,16.5
gshasiri,2,6,514.5
marin-community,2,11,1259.0
gsar78,2,2,1.5
maxxi146,2,2,0.5
hariharanv04,2,4,33.5
BobaZooba,2,2,3.0
hardlyworking,2,2,0.0
BlouseJury,2,3,445.5
mhenrichsen,2,2,69.0
mesh-labs,2,2,2.0
meekre36,2,2,0.0
medalpaca,2,4,1312.5
mayflowergmbh,2,2,5.5
maya-research,2,12,45641.5
ministral,2,25,2408.5
haoranxu,2,4,1032.0
TinyPixel,2,14,240.0
mkay8,2,2,1.0
mistralai,2,2388,1707448.0
Bharatdeep-H,2,2,0.0
Bertug1911,2,2,2.5
BatsResearch,2,2,82.0
BanusreeM,2,2,2.0
mogaio,2,2,2.0
mobiuslabsgmbh,2,10,62.0
mnlp-2024,2,2,0.0
mllmTeam,2,2,4.0
hiig-ai-lab,2,4,48.5
mtc,2,2,4.5
mrcuddle,2,3,0.5
moyixiao,2,2,0.0
motherfucker0,2,29,0.0
nanaelas,2,6,0.0
myrkur,2,5,1.5
hf-100,2,18,1.5
muse-bench,2,19,1865.5
OwOpeepeepoopoo,2,8,0.5
neeleshg23,2,2,13.5
naot97,2,2,0.0
nicholasKluge,2,8,30.0
BUT-FIT,2,3,199.0
Azzedde,2,2,0.0
hdve,2,2,2.5
nkpz,2,4,390.0
nk2t,2,2,3.5
hon9kon9ize,2,3,79.0
alchemonaut,2,3,212.0
digitous,2,3,811.5
ntkhoi,2,3,0.0
nomic-ai,2,4,1067.5
hiraltalsaniya,2,2,0.0
Tiiny,2,2,76.0
ClosedCharacter,2,12,105.5
ogwata,2,2,41.5
ockerman0,2,2,1.0
obrmmk,2,2,1.0
nztinversive,2,6,85.5
ArliAI,2,32,18.0
ClaudioItaly,2,9,644.0
openai,2,422,6081852.5
oopsung,2,18,3.0
ontocord,2,4,7.0
oscar128372,2,4,1.5
huyhoangt2201,2,12,1.5
AswanthCManoj,2,2,2.0
Aspik101,2,2,399.0
hunzalarasheed,2,2,0.0
owner203,2,3,2.5
philimon,2,2,1.0
phanerozoic,2,3,58.5
huggyllama,2,33,77112.5
peft-internal-testing,2,2,223352.5
posicube,2,4,772.0
polystation,2,3,0.0
hpcgroup,2,2,21.5
cleanrl,2,19,632.5
pints-ai,2,5,140.0
philschmid,2,3,24.5
pvbhanuteja,2,2,21.5
pt-sk,2,2,0.0
proto-llm,2,2,699.5
projecte-aina,2,9,23.5
allura-forge,2,5,0.0
rasyosef,2,5,77.0
rahuldshetty,2,3,10.0
Columbidae,2,6,1.5
CoexistAI,2,2,0.0
refactai,2,7,29793.0
rednote-hilab,2,5,129721.5
recogna-nlp,2,2,16.5
reallad,2,3,1.0
realPCH,2,2,4.5
AnatoliiPotapov,2,6,44.5
ibm-ai-platform,2,2,3.5
ricdomolm,2,2,118.0
TheMindExpansionNetwork,2,2,0.0
rhaymison,2,30,8.0
roneneldan,2,6,28291.5
robinsyihab,2,4,91.5
digitalpipelines,2,2,5.0
rvv-karma,2,3,3.5
ruslanmv,2,6,55.0
rubra-ai,2,3,2.5
iko-01,2,2,25.5
sanchit-gandhi,2,3,8.0
samir-fama,2,9,751.0
ikaros104,2,2,0.0
issai,2,3,280.0
rzeraat,2,4,0.0
ryzen88,2,2,3.5
ise-uiuc,2,7,2974.5
sauce1337,2,5,810.5
saucam,2,2,1.5
sanghwa-na,2,4,4.0
sandeshrajx,2,4,22.5
TitanML,2,13,53154.0
introspection-auditing,2,107,6.0
semcoder,2,2,8.0
selfcorrexp2,2,2,1.0
sel303,2,2,5.0
jebcarter,2,5,795.5
shuttleai,2,11,5.0
shibing624,2,6,165.0
shawon,2,4,1.5
jdqqjr,2,2,9.5
skumar9,2,5,20.5
silma-ai,2,12,3295.5
silent666,2,2,0.5
shyamieee,2,2,3.0
Alibaba-Apsara,2,27,457.5
jaydee29,2,2,0.0
sohyunan,2,3,0.0
jaspionjader,2,2,3.5
Changgil,2,2,113.0
sp-embraceable,2,2,0.0
Americo,2,3,0.0
Alvin-LiuJia,2,2,2.0
starmpcc,2,6,431.5
ssoyeun,2,4,3.5
support-pvelocity,2,4,4.0
sullivan1502,2,2,0.5
styalai,2,4,0.5
stockmark,2,6,595.5
tamang0000,2,2,4.0
jhu-clsp,2,2,164.0
taddeusb90,2,2,1.5
swiss-ai,2,18,6726.5
tavtav,2,13,398.5
tflsxyy,2,5,10.0
tenyx,2,11,4643.5
TriadParty,2,6,385.5
tlphams,2,2,351.0
timpal0l,2,31,354.5
thesven,2,3,6.0
theo77186,2,3,8.0
tuneai,2,2,2.0
trohrbaugh,2,2,111.0
jeonsworld,2,5,7414.5
jeffwan,2,2,2929.0
jingyeom,2,27,35.0
Aarushhh,2,2,4.0
umd-zhou-lab,2,4,76.5
uaytug,2,8,1.5
ChocoLlama,2,3,6.0
ura-hcmut,2,2,0.0
upiter,2,2,5.0
vectorzhou,2,254,490.5
uygarkurt,2,4,6864.5
viethq188,2,5,739.0
victunes,2,4,6.0
vngrs-ai,2,26,1034.5
vivo-ai,2,3,162.0
ACE-Step,2,7,5646.0
ABX-AI,2,2,6.0
wenbopan,2,5,8701.0
weblab-GENIAC,2,9,301.5
webbigdata,2,2,392.5
HIT-SCIR,2,2,4412.0
allganize,2,10,95.5
jonathanjordan21,2,3,5.0
Tostino,2,4,12.5
wkshin89,2,2,4.0
withmartian,2,2,3.0
winninghealth,2,2,6.0
ybelkada,2,13,250.5
justinxzhao,2,2,4.0
xiaodongguaAIGC,2,2,54.0
Open-Reasoner-Zero,2,5,356.5
katuni4ka,2,3,3775.0
yeniceriSGK,2,2,3.0
karasu000,2,4,6.5
yuk1chan,2,4,1.0
42dot,2,5,987.5
zjunlp,2,2,45.5
nem012,2,2,2.5
Recag,1,1,4.0
ReadyArt,1,1,0.0
ReactiveAI,1,1,43.0
Rawkney,1,1,2.0
RaphaelMourad,1,1,73.0
Ragsv2,1,1,0.0
RussRobin,1,1,348.0
Rupesh2,1,1,6.0
RthItalia,1,1,160.0
RozGrov,1,1,3.0
RossAscends,1,2,4.0
Rookie,1,2,344.0
Roman190928,1,1,0.0
Rocketknight1,1,1,1210.0
RochatAI,1,1,3.0
RoboSG,1,1,2.0
Robertp423,1,1,0.0
RobBossJR,1,1,4.0
RoadQAQ,1,1,555.0
Rishabh02,1,1,0.0
Salvatale,1,1,1.0
Sakonii,1,9,182.0
SaidOukadr,1,3,0.0
Safurai,1,2,17.0
Sachin21112004,1,1,2.0
SUSTech,1,4,782.0
STEM-AI-mtl,1,2,65.0
SRP-base-model-training,1,1,0.0
SHMIS,1,1,1.0
S4nfs,1,3,22968.0
S-miguel,1,7,112.0
Gaivoronsky,1,6,10.0
Gabrielmsidik,1,1,0.0
GabrielMM,1,1,1.0
GStoynev,1,1,0.0
SeacomSrl,1,1,1391.0
Sayankotor,1,1,0.0
Saurabh15,1,1,1.0
SaudxInu,1,1,0.0
Satwik11,1,1,10.0
Sandhya2002,1,1,0.0
Samvardhan777,1,1,2.0
Samsoup,1,1,0.0
SamMikaelson,1,1,1.0
SepKeyPro,1,1,3.0
SejongKRX,1,1,1.0
Secbone,1,1,750.0
GitBag,1,1,1.0
GingerBled,1,1,1.0
GhadyIbra250,1,1,0.0
GerbilLab,1,1,2.0
Geraldine,1,1,2.0
Gandhiv112,1,1,10.0
Solshine,1,1,1.0
Snowflake,1,1,8945.0
SlimFactoryHub,1,1,0.0
Slavic1135,1,1,1.0
Slavator096,1,1,5.0
Skylaude,1,6,22.0
Sirius27,1,1,7.0
SimpleStories,1,3,201.0
SiguienteGlobal,1,1,2.0
Siddharth63,1,1,5.0
ShuoGZ,1,3,0.0
SherlockAssistant,1,4,118.0
Sur78a,1,1,1.0
SuperbEmphasis,1,1,2.0
SuperAGI,1,4,765.0
SumayyaAli,1,2,5.0
Sujithanumala,1,1,4.0
SuccubusBot,1,1,4.0
Stevross,1,1,1.0
Steelskull,1,1,16.0
StarkWizard,1,1,3.0
StaAhmed,1,1,2.0
SparseLLM,1,1,3.0
Sosnitskij,1,1,3.0
SomyaSaraswati,1,2,3.0
Frusto,1,1,95.0
FrostAura,1,2,1.0
FrankChenhz,1,1,0.0
Frank0110,1,1,0.0
TNSA,1,2,0.0
TFMC,1,4,6.0
TFLai,1,1,134.0
TETO101,1,1,3.0
TEN-framework,1,2,2243.0
SyverraStudios,1,1,1.0
SykoSLM,1,1,7.0
SuvajitGB,1,1,2.0
Tap-M,1,3,906.0
TakaTaka3,1,1,2.0
TURKCELL,1,8,1608.0
TTam115,1,1,0.0
TRM-coding,1,1,44.0
TRICELL-Inc,1,3,84.0
TOBEAI,1,1,1.0
GG2k4,1,2,3.0
FutureLivingLab,1,4,323.0
FuseAI,1,10,41.0
Fulcrum-AI,1,1,3.0
Fugaku-LLM,1,1,48.0
Fu01978,1,1,27.0
TheBigBlender,1,2,0.0
The-matt,1,17,5.0
ThatsGroes,1,1,2.0
Tgratzi,1,1,3.0
Tesslate,1,1,0.0
Telugu-LLM-Labs,1,1,130.0
Teknova,1,2,0.0
Tejasw1,1,1,3.0
Tejasvisudugureddy,1,1,0.0
TejAndrewsACC,1,1,1.0
Technoculture,1,1,364.0
TechNamu,1,1,59.0
TareksGraveyard,1,1,6.0
TildeAI,1,4,3260.0
TianshengHuang,1,6,2.0
TianqiLiuAI,1,1,0.0
Thytu,1,1,124.0
Thimphou,1,1,5.0
Theros,1,1,0.0
TheSkullery,1,1,0.0
ThePegasusGroup,1,2,10.0
TheOneWhoWill,1,1,0.0
TheCarBun,1,3,9.0
TriAiExperiments,1,1,350.0
TopAI-1,1,1,512.0
Tongyi-Zhiwen,1,40,406.0
FractalAIResearch,1,1,82.0
FoundationVision,1,1,19.0
FogTeams,1,1,399.0
Flolight,1,1,1.0
FlofloB,1,2,32.0
FloatDo,1,1,37.0
Fischerboot,1,1,1.0
VibeStudio,1,1,980.0
Varadrajan,1,1,0.0
Value4AI,1,1,107.0
VMware,1,1,256.0
Utsav03,1,1,0.0
Universal-NER,1,1,232.0
NucleusAI,1,2,794.0
URP,1,1,2.0
TwinDoc,1,1,0.0
TsinghuaC3I,1,5,1580.0
VivekChauhan06,1,1,3.0
Vivacem,1,1,8.0
VitalContribution,1,4,675.0
Vishwas1,1,2,5.0
VillanovaAI,1,1,197.0
Vigneshwaran22,1,1,1.0
VietTung04,1,2,0.0
VietAI,1,3,452.0
Viet-Mistral,1,21,1661.0
VictLee,1,1,0.0
FabienRoger,1,1,1942.0
Exthalpy,1,2,0.0
Ex0bit,1,2,2825.0
EthioNLP,1,2,24.0
Whyso-39,1,1,3.0
WendyHoang,1,1,21.0
WayneLee9511,1,1,0.0
WYNN747,1,1,26.0
WICKED4950,1,1,0.0
WDong,1,1,6.0
Vyvo,1,1,0.0
XavierXin,1,2,0.0
XCryptoniusX,1,2,0.0
X-D-Lab,1,1,60.0
Wowso,1,1,0.0
WorldOpenTechnology,1,1,1.0
Wilailack,1,1,0.0
FinchResearch,1,2,1.0
Fathi7ma,1,1,7.0
Fan1018,1,1,0.0
FallenMerick,1,1,0.0
FahadCEO7376,1,1,0.0
ZainabF,1,1,0.0
Yunong,1,1,0.0
YorkieOH10,1,8,1.0
YingdaLi,1,1,4.0
YiPz,1,1,41.0
YiDuo1999,1,1,57.0
YenJung,1,1,3.0
YellowDotGroup,1,1,0.0
Yellow-AI-NLP,1,10,231.0
Yano,1,5,92.0
YOYO-AI,1,1,142.0
XeAI,1,1,0.0
Xclbr7,1,3,7.0
Emova-ollm,1,1,12.0
aashay96,1,1,11.0
aagius,1,1,3.0
a-m-team,1,8,95.0
ZySec-AI,1,5,297.0
Zxilly,1,1,0.0
ZombitX64,1,1,1.0
Zhihui,1,1,1.0
Zhengyi,1,10,717.0
ZharfaTech,1,1,11.0
Zestor,1,1,0.0
ZeLi111,1,1,4.0
Zangs3011,1,1,3.0
abhinema,1,5,46.0
abhinav2024,1,1,2.0
abdgrt,1,2,6.0
Etherll,1,2,1.0
EssentialAI,1,3,2403.0
Essacheez,1,1,3.0
EryriLabs,1,1,5.0
EpistemeAI2,1,1,0.0
Enronld,1,1,0.0
Enno-Ai,1,1,848.0
EngTig,1,1,2.0
afterless,1,1,5.0
afrizalha,1,1,4.0
aeonium,1,1,4.0
adsingh64,1,1,0.0
adept,1,3,7497.0
adamNLP,1,1,0.0
adagues,1,1,3.0
aburnazy,1,2,2.0
akhooli,1,1,657.0
akhaliq,1,1,0.0
akh99,1,1,1.0
akbarsigit,1,5,0.0
aisquared,1,1,843.0
airev-ai,1,1,11.0
aiplanet,1,2,217.0
aipib,1,1,2.0
aigrant,1,2,3.0
aifeifei799,1,3,9.0
aidonuts,1,1,10.0
Echelon-AI,1,1,203.0
allbyai,1,1,807.0
alibidaran,1,1,9.0
ali77sina,1,1,0.0
ali-elganzory,1,1,3.0
alexsherstinsky,1,2,8.0
alexredna,1,1,3.0
alex-under,1,1,0.0
aldigobbler,1,2,3.0
albertosg112,1,1,0.0
akshayjadhav257,1,1,0.0
aks1s,1,4,0.0
akolit,1,1,8.0
almorin,1,1,3.0
allknowingroger,1,4,6.0
EmbeddedLLM,1,1,4.0
EmTpro01,1,1,1.0
Elstuhn,1,1,98.0
Ellio98,1,1,7.0
Eliac11,1,2,2.0
ElderlyDed,1,1,2.0
Elcaida,1,2,3.0
Edcastro,1,1,3.0
andrewdalpino,1,1,7.0
andmev,1,1,6.0
and-emili,1,1,102.0
anasse15,1,1,1.0
analystgatitu,1,1,0.0
analist,1,1,0.0
anakin87,1,1,8.0
amitagh,1,1,2.0
amills157,1,1,3.0
amazon,1,7,12614.0
amang1802,1,1,2.0
alvarobartt,1,1,3.0
almugabo,1,1,1.0
aoxo,1,1,413.0
anwgpt,1,1,5.0
anujjamwal,1,1,2807.0
anudaw,1,1,3.0
anthonym21,1,1,57.0
ansilmbabl,1,1,1.0
ankhamun,1,1,110.0
anilguleroglu,1,7,1.0
anilbhatt1,1,1,8.0
aniket49,1,1,7.0
angelazhang05,1,2,3.0
anezatra,1,1,7.0
asi,1,1,607.0
ashishkgpian,1,1,4.0
ashercn97,1,1,798.0
artemx,1,1,5.0
arshiaafshani,1,2,101.0
arnir0,1,7,38624.0
aristsakpinisaws,1,1,3.0
areegtarek,1,1,0.0
arcticoneai,1,2,10.0
ar08,1,1,0.0
apurvaga,1,1,128.0
apilguk,1,1,0.0
aumghag,1,1,0.0
auhide,1,1,0.0
august66,1,1,426.0
attention-avengers,1,2,1.0
atomwalk12,1,3,65.0
atisharma,1,2,0.0
atharvanighot,1,1,5.0
atelsson,1,1,0.0
asyafiqe,1,2,4.0
asulova,1,1,0.0
astanahub,1,1,3195.0
asrith05,1,1,0.0
aspirina765,1,2,2.0
DrDrek,1,1,9.0
Downtown-Case,1,1,4.0
DoumAI,1,1,0.0
Doub7e,1,2,1.0
bababababooey,1,1,4.0
ayoubkirouane,1,1,0.0
ayazfau,1,1,4.0
avey-ai,1,1,6.0
averntech,1,1,0.0
avemio-digital,1,1,3.0
austindavis,1,1,5.0
bavest,1,2,866.0
basakerdogan,1,1,1.0
bamec66557,1,1,25.0
baffo32,1,1,9065.0
baconnier,1,2,11.0
babylm,1,6,242.0
Easy-Systems,1,2,6.0
EQUES,1,1,418.0
Duyeon,1,1,2.0
DragonLLM,1,1,2.0
betterdataai,1,1,210.0
bespokelabs,1,1,27.0
bertin-project,1,1,3.0
berkeley-nest,1,36,3969.0
beowolx,1,20,8750.0
benjaminsinzore,1,1,81.0
benjamin,1,1,14.0
bengeos,1,1,2.0
benchang1110,1,1,11.0
behbudiy,1,5,35.0
beam-searchers,1,1,1.0
bcash2233,1,1,2.0
bayartsogt,1,1,85.0
blockblockblock,1,1,1.0
blademax45,1,1,0.0
blackhole33,1,1,2.0
black12138,1,1,5.0
bkai-foundation-models,1,2,4.0
bjfxs,1,1,3.0
biustnaspust,1,1,1.0
binhphap5,1,1,2.0
bilalkakar,1,1,0.0
bidit,1,1,2.0
bhuvana-ak7,1,1,0.0
bharatwokelo,1,1,2.0
bharathirajan89,1,1,0.0
c-bone,1,5,1651.0
bunkalab,1,2,8.0
bullerwins,1,2,13.0
brygotti,1,1,0.0
brucewayne0459,1,1,115.0
brianmatzelle,1,1,0.0
brayene,1,3,0.0
bralynn,1,1,0.0
bragour,1,1,2.0
botbotrobotics,1,1,3.0
bongchoi,1,2,907.0
bobofrut,1,2,135.0
bluetree99,1,2,1.0
DevWorld,1,1,5.0
cczhong,1,1,1.0
ccibeekeoc42,1,1,3.0
cassanof,1,1,1.0
casperhansen,1,2,192.0
casarulez,1,1,2.0
calliehsu,1,1,4.0
cais,1,1,276.0
c1park,1,1,4.0
cesun,1,1,1.0
cello78,1,1,0.0
cedpsam,1,1,24.0
ced-dpz,1,1,3.0
Dotalix,1,2,35.0
Dorn4449,1,1,99.0
DonatePlz,1,1,7.0
Dmitriy007,1,2,3.0
Divyansh008,1,2,0.0
DisOOM,1,1,1.0
Dimensity,1,1,8.0
Diluksha,1,1,0.0
DewEfresh,1,15,1.0
DevsDoCode,1,9,364.0
chrischain,1,1,2.0
choco800,1,1,17.0
choco58,1,1,5.0
chinoll,1,1,792.0
chinmayc3,1,1,2.0
chimbiwide,1,2,0.0
chheplo,1,1,1.0
chendren,1,2,24.0
check-ai-labs,1,1,22.0
chbenchi,1,1,5.0
charles22,1,1,1.0
chamibuddhika,1,1,3.0
clinic-research,1,1,7.0
climb-mao,1,1,1.0
clejordan,1,1,0.0
ckiplab,1,1,15.0
ckip-joint,1,1,7.0
cjvt,1,1,5.0
chutesai,1,2,0.0
chunxb,1,1,0.0
chuanli11,1,39,884.0
chronopt-research,1,2,9.0
chrisrutherford,1,2,2.0
cosmicgob,1,1,2.0
cosimoiaia,1,1,27.0
core-outline,1,1,2.0
coolyal,1,1,0.0
contrapliant,1,1,0.0
concedo,1,5,14.0
coldint,1,1,0.0
codemateai,1,1,812.0
codegood,1,1,1.0
cybershiptrooper,1,2,0.0
cwaud,1,1,0.0
curtis-sun,1,1,0.0
ctrlg,1,1,3.0
cstr,1,1,1.0
csmishra952,1,1,7.0
csdc-atl,1,3,5.0
cris177,1,2,2.0
crimsoncult,1,1,0.0
crazydevlegend,1,1,1.0
cosmicvalor,1,2,6.0
danielpark,1,1,0.0
danieliuspodb,1,10,1.0
daneggertmoeller,1,1,4.0
dan-kwiat,1,1,0.0
damerajee,1,1,117.0
d-matrix,1,1,5.0
cypienai,1,1,13.0
cycloneboy,1,1,29.0
cyboghostginx,1,2,2.0
DeL-TaiseiOzaki,1,1,0.0
David-Xu,1,5,5.0
DatafoundryAI,1,1,6.0
dbddv01,1,3,820.0
davzoku,1,3,783.0
davanstrien,1,1,3.0
datificate,1,3,5467.0
dat-lequoc,1,1,2.0
dariaL27,1,1,1.0
danyoung,1,1,6.0
dannybess,1,1,2.0
danielpedrozo,1,1,2.0
deepapaikar,1,1,1.0
decapoda-research,1,4,10.0
deca-ai,1,1,9.0
ddobokki,1,4,970.0
ddahlmeier,1,1,1.0
dcbv,1,1,2.0
dbmdz,1,4,7375.0
DeividasM,1,1,2.0
DehydratedWater42,1,1,0.0
Defetya,1,1,4.0
Deev124,1,2,1.0
DebateLabKIT,1,1,1.0
dhanush-radhakrishna,1,1,1.0
dganochenko,1,2,149.0
dfurman,1,1,44.0
detakarang,1,1,3.0
deqing,1,2,2.0
denxxs,1,1,50.0
denial07,1,1,3.0
deepnight-research,1,2,1558.0
deepnet,1,2,0.0
dogruaitech,1,1,0.0
dnivra26,1,1,0.0
dnakov,1,1,5.0
dltjdgh0928,1,7,5.0
dkumar15,1,2,256.0
distributed,1,1,11.0
distill,1,2,3.0
distilbert,1,1358,2336651.0
dipeshmajithia,1,1,0.0
dim,1,1,3.0
dierce,1,1,3.0
didula-wso2,1,4,40.0
dvilasuero,1,1,2.0
dushuai112233,1,1,3.0
duong942001,1,1,0.0
duchao1210,1,26,0.0
dtorres-zAgile,1,1,0.0
dteome,1,1,2.0
drwlf,1,2,0.0
driaforall,1,6,33.0
dpaul93,1,1,0.0
doubledsbv,1,1,1.0
domsebalj,1,1,6.0
dominik-reiner,1,1,0.0
elgeish,1,2,9.0
eleenakidangenb2b,1,1,1.0
ehristoforu,1,1,1.0
efeno,1,1,0.0
efederici,1,1,18.0
edwindn,1,3,4.0
edbeeching,1,1,25.0
ed001,1,1,0.0
ecnu-icalk,1,1,6.0
eagle0504,1,3,1.0
dyyyyyyyy,1,1,15.0
dvitvaai,1,1,52.0
DHMATH,1,2,0.0
DFofanov78,1,1,0.0
eperezj,1,1,1.0
eousphoros,1,4,400.0
enesarda22,1,1,5.0
empower-dev,1,1,7.0
emplitude,1,1,0.0
elyn-dev,1,19,15.0
elvis324,1,4,0.0
elliotthwangmsa,1,1,1.0
elliotthwang,1,1,3.0
elliepreed,1,1,0.0
elijahww,1,1,7.0
erwanf,1,4,307910.0
ericzzz,1,1,1034.0
ericpolewski,1,1,778.0
ericmelz,1,2,1.0
erhj3eh3ehweg,1,1,0.0
DatPySci,1,1,2.0
DarwinAnim8or,1,1,2.0
DanteKwak,1,1,0.0
Dans-Archive,1,2,7.0
DanieleSalva,1,1,1.0
Dampish,1,1,874.0
Daizee,1,2,14.0
DaertML,1,1,3.0
DRXD1000,1,22,9.0
farooqkhan2840503,1,1,2.0
fano-kr,1,1,0.0
fanherodev,1,1,18.0
ezelikman,1,2,19.0
eymericboyer,1,2,2.0
exresearch,1,1,3.0
explorewithai,1,2,5.0
exbow,1,1,2.0
exafluence,1,1,0.0
ewhk9887,1,1,9.0
eunyounglee,1,1,5.0
etri-lirs,1,1,22.0
eternis,1,1,0.0
eryk-mazus,1,4,3082.0
flair,1,1,58.0
fivecmpersec,1,1,0.0
fireworks-ai,1,2,18.0
fireballoon,1,2,836.0
fingerclose,1,1,3.0
finaspirant,1,1,1.0
filipealmeida,1,9,269.0
fguryel,1,1,2.0
ContactDoctor,1,2,3.0
Compumacy,1,2,1.0
furiosa-ai,1,1,4.0
fumiyau,1,1,0.0
frostsg,1,1,1.0
fredzzp,1,1,5894.0
frankenmerger,1,1,5.0
four-two-labs,1,1,6.0
forestai,1,1,9.0
fluently,1,5,128.0
florian987,1,1,0.0
gate369,1,2,4.0
gaodrew,1,1,800.0
galatolo,1,1,45.0
gai-labs,1,3,37.0
gahsilas,1,1,0.0
g-ronimo,1,1,6.0
g-assismoraes,1,1,0.0
CyberNative-AI,1,1,7.0
CyYoung,1,1,0.0
0xarnav,1,1,0.0
CreatorPhan,1,1,0.0
CopyleftCultivars,1,2,8.0
CooolDude,1,1,3.0
ConvexAI,1,1,108.0
glorgao,1,1,17.0
giux78,1,3,1307.0
gitglubber,1,2,1.0
giovannidemuri,1,1,0.0
giayphuyen,1,1,6.0
giannisan,1,1,3.0
2yunadaaa,1,1,0.0
zhumj34,1,1,55.0
geralt,1,1,14.0
georgesung,1,4,1030.0
geonmin-kim,1,2,3.0
yurakuratov,1,1,2.0
genericgod,1,1,3.0
genah,1,1,1.0
gbueno86,1,2,1.0
gavin124,1,3,123.0
0zk1,1,1,0.0
gradjitta,1,1,6.0
gpellejero,1,1,0.0
gowhyyou,1,1,0.0
zzzmahesh,1,1,12.0
gotchachurchkhela,1,2,0.0
gorkemgoknar,1,1,11.0
080-ai,1,1,1.0
gordicaleksa,1,3,233.0
google-t5,1,5,757718.0
goktugkoksal,1,1,0.0
gohsyi,1,1,1.0
gocharlie-ai,1,1,0.0
gmonsoon,1,1,1.0
0x70DA,1,1,2.0
gmguarino,1,1,1.0
zhichen,1,1,7.0
haibh,1,1,4.0
hafizizaironi,1,1,0.0
haes95,1,1,2.0
hadimian,1,2,0.0
hackint0sh,1,2,27.0
h2m,1,1,676.0
zhengr,1,1,110.0
guirrock,1,1,2.0
guidelabs,1,1,1598.0
guardrail,1,1,766.0
zhaode,1,1,27.0
zhangchuheng123,1,1,831.0
zh-tw-llm-dv,1,1,0.0
zettafleet,1,1,26.0
grounded-ai,1,1,1.0
hbpkillerX,1,1,0.0
hassanij,1,2,0.0
hassanepulga,1,1,5.0
harshit36,1,1,0.0
harir,1,1,2.0
zeroblu3,1,2,2.0
zementalist,1,4,5.0
harborwater,1,3,817.0
harangstar,1,1,2.0
haramberesearch,1,1,2.0
16dvnk,1,1,4.0
hanzla,1,1,1.0
hantempler101,1,1,0.0
hamzabm2712,1,1,0.0
152334H,1,78,843.0
hama-jp,1,2,1.0
1231czx,1,1,1.0
hibikaze,1,2,5.0
hhhhzy,1,1,15.0
hghghgkskdmskdms,1,2,5.0
1024m,1,2,14.0
herisan,1,2,6.0
hereral,1,1,2.0
Jarnails1559,1,1,3.0
hemhemoh,1,1,1.0
hellomyoh,1,1,2.0
hejiahuanle,1,1,2.0
hedronstone,1,1,718.0
heavytail,1,1,5.0
JalilH,1,1,3.0
hdeldar,1,1,6.0
hchung1017,1,2,5.0
hotmalau,1,1,43.0
hongyin,1,1,8.0
hongce-tech,1,1,0.0
Jakelolipopp,1,2,0.0
Jae-star,1,1,1.0
hnda,1,2,123.0
hmellor,1,4,1572569.0
Jacaranda,1,26,76.0
hkust-nlp,1,2,11.0
hkss,1,2,6.0
hiyouga,1,1,833.0
hivaze,1,1,4.0
hishab,1,1,767.0
JJhooww,1,2,12.0
JFernandoGRE,1,1,0.0
himum,1,1,4.0
JCholder,1,1,7.0
JCX-kcuf,1,1,121.0
ClassCat,1,4,137.0
ChuckMcSneed,1,2,111.0
Inventors-Hub,1,1,0.0
zioBoe,1,1,0.0
humain-ai,1,36,8750.0
hugsid,1,1,0.0
hugohrban,1,2,8643.0
ziniuli,1,1,110.0
hugginguwe,1,3,3.0
huggingface-course,1,2,41.0
huehui,1,2,27.0
hsiehpinghan,1,1,2.0
hsan512,1,1,0.0
JoSw-14,1,2,2.0
i3-lab,1,1,2.0
Jithendra-k,1,1,0.0
hyper-accel,1,1,698.0
hypaai,1,1,3.0
hxia7,1,1,4.0
Jiraya,1,1,2.0
Jimmyhd,1,1,5.0
Columbia-NLP,1,1,4.0
Coloss,1,2,1.0
Collective-Ai,1,1,3.0
Cognitive-Machines-Labs,1,2,4.0
Cognitive-Lab,1,45,5.0
CogBase-USTC,1,1,4.0
Jiayi-Pan,1,3,2539.0
Codexister,1,1,0.0
CodeAtCMU,1,32,1.0
ihughes15234,1,2,1.0
ihalage,1,1,732.0
igriv,1,1,2.0
igorktech,1,2,5.0
igorMt3407,1,1,0.0
ighoshsubho,1,1,14.0
ifable,1,28,43.0
ichigoberry,1,1,113.0
ibrainf,1,1,0.0
ibrahimkettaneh,1,1,0.0
Jianyuan1,1,1,8.0
ibivibiv,1,1,731.0
iamtatsuki05,1,1,2.0
iamsahinemir,1,1,5.0
iamkhadke,1,1,3.0
iAlice2022,1,1,0.0
instructkr,1,1,708.0
informatiker,1,1,11.0
Jiangzs,1,1,54.0
indonesian-nlp,1,1,290.0
indobenchmark,1,11,248.0
Jgdshkovi,1,1,0.0
imvbhuvan,1,2,0.0
imsanjoykb,1,1,3.0
imone,1,1,6.0
imdatta0,1,1,954.0
imTheGodfather,1,2,0.0
iliemihai,1,1,50.0
JetBrains-Research,1,3,747.0
Jayant9928,1,2,18.0
ikala,1,1,15.0
ihumaunkabir,1,1,0.0
iujinasena,1,1,1.0
itspat,1,1,0.0
itsliupeng,1,1,800.0
itpossible,1,1,6.0
istiak101,1,1,0.0
JasperV13,1,1,1.0
ishorn5,1,1,846.0
ishaanxgupta,1,1,1.0
Jasaa,1,1,0.0
isakovsh,1,1,2.0
irusl,1,4,0.0
ipryzk,1,2,0.0
KBTG-Labs,1,2,15.0
intervitens,1,28,60.0
intaek-alignai,1,1,1.0
inswave,1,1,751.0
jeff31415,1,4,124.0
KAkston,1,1,3.0
JunxiongWang,1,1,0.0
jdopensource,1,18,1807.0
jdakillah,1,1,1.0
Juniplayground,1,1,771.0
jayavibhav,1,5,0.0
jawadmohmmad,1,1,0.0
JunchengXie,1,1,105.0
jarradh,1,3,963.0
jamesohe,1,1,4.0
jamesdborin,1,1,5.0
jambroz,1,1,113.0
jakeboggs,1,1,4.0
jajajou,1,1,0.0
iustinnn,1,1,3.0
Chat2DB,1,1,43.0
Charlotte-LLM-FAMILY,1,1,335.0
JordiOrtega,1,1,2.0
Chan2chan1,1,1,5.0
JonusNattapong,1,1,7.0
jhlim8,1,1,0.0
jetmoe,1,2,2738.0
jesse-tong,1,1,0.0
Johstracke,1,1,0.0
jeremierostan,1,1,2.0
jeradf,1,1,1.0
Johnyquest7,1,1,0.0
jena-shreyas,1,1,0.0
jekunz,1,1,12.0
JoaoVitorIA,1,1,0.0
jeffrey-fong,1,1,4.0
jjlee6496,1,1,0.0
jiosephlee,1,6,358.0
jinv2,1,1,0.0
jinoy,1,1,2.0
jinjinjinjinjinjin,1,1,6.0
IndexTeam,1,2,119.0
jin05102518,1,1,4.0
jiangcongtao,1,1,0.0
Chuanming,1,1,1.0
ChuGyouk,1,8,130.0
ChrisCoffey,1,1,3.0
Chris126,1,1,2.0
Karthik-Rao-4572,1,1,0.0
ChillyMango,1,1,1.0
ChevalierJoseph,1,1,1.0
ChenWeiLi,1,1,6.0
jtl11,1,1,6.0
Karsh-CAI,1,1,0.0
jsfs11,1,4,105.0
jsbeaudry,1,1,1.0
jrc,1,1,13.0
jrahn,1,1,1.0
jpandeinge,1,1,0.0
Karko,1,1,753.0
jordiclive,1,2,927.0
Karako64,1,2,3.0
johnuwaishe,1,1,0.0
joelewing,1,2,0.0
jnjj,1,1,35.0
jncraton,1,1,2.0
jknottllm,1,1,2.0
jjourney1125,1,1,6.0
k050506koch,1,1,9.0
jyanjain,1,2,3.0
KaraKaraWitch,1,1,3.0
jwjeong,1,1,1.0
jwhisenhunt,1,1,81.0
juyongjiang,1,2,44.0
Kaleemullah,1,2,0.0
justinphan3110,1,1,3.0
justinj92,1,1,0.0
jusKnows,1,2,1.0
junzzhu,1,1,2.0
junfengzhou,1,1,95.0
junelee,1,2,1899.0
jun2114,1,1,0.0
juengsi,1,1,2.0
juancopi81,1,2,3.0
kcoopermiller,1,3,1.0
kawaimasa,1,3,19.0
KaeriJenti,1,4,891.0
kavanmevada,1,1,0.0
Kabster,1,1,112.0
karunyads,1,1,2.0
KORMo-Team,1,4,465.0
karanjaWakaba,1,5,0.0
kapturecx,1,1,1.0
kamaboko2007,1,1,1.0
KOCDIGITAL,1,1,30.0
kalomaze,1,1,0.0
KBlueLeaf,1,1,9471.0
kali-v,1,1,0.0
kajuyerim,1,1,2.0
kaiiddo,1,2,1.0
CNBOOMBOOM,1,1,0.0
CKKKILLER,1,1,0.0
kingabzpro,1,2,12.0
kikikara,1,1,0.0
khoantap,1,1,3.0
khKim,1,1,5.0
kh4dien,1,1,1.0
KingNish,1,1,0.0
kettleguts,1,1,107.0
keskin-oguzhan,1,1,3.0
kenzrx,1,3,9.0
kenpath,1,1,17261.0
KingKDB,1,1,3.0
kenhktsui,1,1,125.0
keko24,1,1,0.0
keeeeenw,1,10,308.0
kongp007,1,1,0.0
kno10,1,1,115.0
kmkrworks,1,2,4.0
klyang,1,1,1329.0
KennethTM,1,1,6.0
kkirchheim,1,4,267.0
KatyMergeTesting,1,1,3.0
CerebrumTech,1,1,23.0
CausalNLP,1,6,167.0
Catalsyt-Corporation,1,1,3.0
Casual-Autopsy,1,1,4.0
KathirKs,1,1,3.0
CarperAI,1,1,149.0
CardinalOperations,1,1,158.0
Intel,1,2,1470.0
CUAIStudents,1,1,1.0
InnovationHacksAI,1,1,1.0
kwaikeg,1,1,3.0
Inishds,1,1,3.0
kunley2,1,1,2.0
kumudhaa,1,1,0.0
kumapo,1,2,0.0
kuanhoong,1,1,4.0
ku-nlp,1,1,352.0
ksjpswaroop,1,1,405.0
krory,1,3,2.0
InfosysEnterprise,1,1,13.0
InfiniAILab,1,1,0.0
krevas,1,2,110.0
kraalfar,1,3,2.0
kp15,1,1,0.0
LLMcompe-Team-Watanabe,1,2,0.0
leekanghoun1,1,1,8.0
LDES777,1,1,1.0
lcz529959,1,3,1.0
lchaloupsky,1,1,6.0
lazy-guy12,1,1,735.0
laurent-maille,1,2,0.0
lashid11,1,1,1.0
larryvrh,1,2,838.0
LDCC,1,18,772.0
lamliki,1,1,0.0
lamini,1,5,1133.0
Kwai-Klear,1,1,0.0
KvrParaskevi,1,1,3.0
lainshower,1,1,6.0
laihuiyuan,1,1,7.0
lab2-as,1,1,0.0
liangshuxin,1,1,2.0
liangel,1,6,3.0
liam-mnlp,1,2,2.0
Kurkur99,1,1,2.0
Kunger,1,1,0.0
leveldevai,1,3,1353.0
letgoofthepizza,1,1,1.0
leslyarun,1,2,2.0
leolaish,1,1,14.0
leo35100523,1,1,0.0
lemonteaa,1,1,1.0
Kowshik24,1,2,0.0
lemon-mint,1,1,289.0
lelapa,1,10,192.0
leeminwaan,1,1,0.0
leekh7624,1,1,5.0
lighteternal,1,3,21.0
light77,1,1,1.0
lifeofcoding,1,1,5.0
CK0607,1,1,4.0
Korabbit,1,2,16.0
CEIA-POSITIVO,1,1,1451.0
Knobi3,1,1,4.0
KishoreK,1,2,3.0
ByteResearch,1,1,14.0
Buuhzerah,1,1,31.0
Bumoch,1,1,43.0
BrunoGR,1,1,5.0
Bronya-Rand,1,2,3.0
Kirim-ai,1,3,0.0
BrettC,1,1,10.0
BramVanroy,1,3,754.0
lmassaron,1,2,80.0
lloorree,1,1,10.0
ICEPVP8977,1,4,8.0
lleticiasilvaa,1,1,0.0
llamas-community,1,2,312.0
lizpreciatior,1,17,925.0
IBI-CAAI,1,1,3.0
liyuesen,1,1,350.0
liyinghong,1,1,5.0
livil,1,1,7.0
litert-community,1,1,33.0
IAmSkyDra,1,1,53.0
lionking927,1,1,3.0
HyzeAI,1,1,2.0
limloop,1,1,179.0
limajr,1,1,0.0
HyunCello,1,1,7.0
luizlzg,1,1,0.0
luigicfilho,1,1,2.0
luhaoran,1,29,0.0
lucyknada,1,10,27.0
lsw0570168,1,1,2.0
lpetreadg,1,1,3.0
lotran12,1,1,0.0
LinkSoul,1,1,861.0
lordChipotle,1,1,0.0
lopezhansel,1,1,2.0
longtc,1,1,0.0
longdnk20,1,1,4.0
lokaspire,1,1,2.0
LingoIITGN,1,2,96.0
lmq1909,1,2,0.0
manupande21,1,1,0.0
Liangmingxin,1,1,104.0
maneln,1,1,0.0
manbull,1,1,2.0
mambiux,1,2,1.0
LazarusNLP,1,1,6.0
mahiatlinux,1,1,3.0
madroid,1,1,25.0
macabdul9,1,1,0.0
Larouyan,1,1,1.0
lzw1008,1,1,86.0
Langboat,1,2,8584.0
LRM-Conta-Detection-Arena,1,1,0.0
lvwerra,1,23,12371.0
lvkaokao,1,2,137.0
luvres,1,1,0.0
Bllossom,1,26,2066.0
Blizado,1,1,0.0
BlackFear,1,1,2.0
Biomimicry-AI,1,1,739.0
BioMistral,1,210,96220.0
Lumpen1,1,1,2.0
matrixglitch,1,1,2.0
matlok,1,2,3.0
masa-research,1,1,4.0
LukAss8,1,1,0.0
marketeam,1,4,44.0
maritaca-ai,1,3,340.0
LouisML,1,2,33.0
marianna13,1,1,20.0
LoneStriker,1,1,3.0
marcelbinz,1,5,731.0
IRUCAAI,1,1,0.0
maximuslee07,1,1,772.0
maximalists,1,3,4.0
INX-TEXT,1,1,0.0
matsuo-lab,1,1,807.0
matsant01,1,1,8.0
matrs01,1,1,0.0
matrixportalx,1,2,1.0
BrainWave-ML,1,1,2.0
BotCuddles,1,1,4.0
Bondds,1,1,0.0
Bogoo,1,1,0.0
INAGUA,1,1,4.0
IDoNotHaveAName,1,2,5.0
Bluckr,1,1,5.0
IDEA-CCNL,1,3,145.0
micaebe,1,1,0.0
ICTNLP,1,1,3.0
MagicalAlchemist,1,1,162.0
mergekit-community,1,1,2.0
melisa,1,2,2.0
melino2000,1,1,1.0
mekongai,1,1,4.0
mekaneeky,1,1,0.0
megaaziib,1,1,4.0
MadShift,1,1,1.0
mediocredev,1,1,787.0
median-group,1,1,3.0
MadMarx37,1,1,3.0
mdonigian,1,1,29.0
Ma7ee7,1,1,1.0
MR-Eder,1,1,4.0
BanglaLLM,1,5,8.0
BallisticAI,1,1,2.0
BallAdMyFi,1,1,0.0
Bahasalab,1,1,3.0
mirlab,1,4,4.0
MNCJ1hun,1,1,6.0
minions-stanford,1,2,0.0
minhtuan7akp,1,1,2.0
minhtt,1,1,5.0
minhnguyent546,1,2,5.0
mindy-labs,1,3,743.0
minato-ryan,1,1,6.0
mikhaelcohen,1,1,3.0
MNC-Jihun,1,13,9.0
MLking2,1,6,5.0
mifeng09,1,2,0.0
ml6team,1,2,5.0
MCES10,1,1,647.0
mjmanashti,1,2,35.0
mixtao,1,3,20462.0
mixedbread-ai,1,1,6451.0
MAISAAI,1,2,119.0
BiMediX,1,1,11.0
M1LL1X,1,1,6.0
Luoaho,1,1,2.0
BenBranyon,1,1,0.0
BeaverAI,1,1,2.0
BePresent,1,1,5.0
Lunzima,1,4,17.0
Baon2024,1,1,15.0
BaoLocTown,1,1,0.0
Mattimax,1,1,9.0
mostafaHaydar,1,1,0.0
morenolq,1,2,9.0
moreh,1,2,0.0
moondriller,1,1,2.0
moondream,1,1,74996.0
monology,1,4,733.0
mohammedbriman,1,3,4.0
Mattia2700,1,2,0.0
MatthieuJ,1,3,7.0
MathLLMs,1,1,50.0
mmnga,1,2,14.0
mmmanuel,1,4,3.0
mlsquare,1,1,2.0
MathGenie,1,1,4.0
Masterjp123,1,1,1.0
mlgawd,1,1,4.0
mukaj,1,13,841.0
muhtasham,1,1,2.0
muhammadfiaz,1,1,10.0
mudler,1,1,1313.0
muamarkadafidev,1,1,12.0
Masa-Erland,1,1,3.0
msu-rcc-lair,1,3,82.0
msaad02,1,2,2.0
mrfakename,1,2,706.0
Martingkc,1,1,4.0
mp1704,1,1,1.0
Markr-AI,1,1,5.0
moxin-org,1,4,29.0
motionlabs,1,3,5.0
Manojb,1,1,0.0
mostafaamiri,1,1,4.0
Maincode,1,4,339.0
nameissakthi,1,1,0.0
nakodanei,1,1,45.0
najeebtpni001,1,1,0.0
naive-puzzle,1,3,13.0
nagrajn,1,1,0.0
myunghoonse,1,1,0.0
myselfsaurabh,1,2,14.0
Mahran4vp,1,1,0.0
Mahlia,1,1,14.0
myersjayt,1,1,0.0
mychen76,1,1,0.0
muzammil-eds,1,1,43.0
muskch032,1,1,0.0
Milos,1,1,27662.0
muralcode,1,1,0.0
nervmouse,1,1,8.0
neph1,1,4,147.0
neovalle,1,2,2.0
neody,1,1,0.0
neoai-inc,1,4,5.0
Milo91,1,1,1.0
nelsond,1,1,0.0
neifuisan,1,2,18.0
nehereus,1,1,0.0
Metaspectral,1,2,922.0
nc-ai-consortium,1,1,42.0
nayohan,1,1,3.0
nawhgnuj,1,1,2.0
natong19,1,10,1396.0
nasiruddin15,1,1,115.0
MetaIX,1,1,816.0
MesozoicMetallurgist,1,1,1.0
nguyenthetuyen,1,2,2.0
ngoan,1,6,8.0
nferruz,1,17,37568.0
nferroukhi,1,1,7.0
nextvalueup,1,1,0.0
newsmediabias,1,1,1.0
MergeFuel,1,1,26.0
Menlo,1,1,2.0
Azrail,1,1,11.0
Ayushnangia,1,1,3.0
AwesomeDWNJ,1,1,3.0
MehdiHosseiniMoghadam,1,2,0.0
AustinM0rgan,1,1,0.0
Aurelea,1,1,0.0
August4293,1,3,2.0
nnethercott,1,2,10.0
nmcco,1,1,2.0
nlpai-lab,1,1,167.0
nlp-waseda,1,1,4.0
nllg,1,1,36.0
McClain,1,1,213.0
Maykeye,1,45,95128.0
niznik-dev,1,1,0.0
nitky,1,1,2.0
nis12ram,1,1,2.0
MayaPH,1,5,929.0
nirajandhakal,1,1,20.0
Morpheus-Function-Calling,1,1,2.0
nikitastheo,1,1,2.0
nightscape,1,1,4.0
Monero,1,2,1536.0
Mohit-3430,1,1,5.0
nsuruguay05,1,2,2.0
nsarrazin,1,1,46.0
nreHieW,1,1,724.0
nqdhocai,1,2,6.0
nouamanetazi,1,1,0.0
notzero,1,1,2.0
notstoic,1,2,0.0
notbdq,1,1,34.0
norallm,1,1,2156.0
nopeno600321,1,1,1.0
noname0202,1,1,0.0
MohamedRashad,1,31,3970.0
ModelOrganismsForEM,1,6,67.0
noaebbot,1,1,4.0
nntoan209,1,1,0.0
omparghale,1,1,3.0
omezzinemariem,1,1,0.0
olusegunola,1,2,0.0
oliveirabruno01,1,1,2.0
okono,1,1,0.0
ModelCloud,1,2,7.0
Mjlehtim,1,1,3.0
Mithilhf01,1,1,4.0
offtoung,1,1,9.0
Minhhltse150305,1,1,0.0
Minami-su,1,2,132.0
MilyaShams,1,1,1.0
nursimakgul,1,1,0.0
nur-dev,1,1,0.0
nuprl,1,1,6.0
ntnu-smil,1,1,1.0
Artvv,1,1,1.0
ArmGPT,1,5,0.0
HuggingFaceFW,1,1,434.0
Arko007,1,1,0.0
Hoyeon,1,1,0.0
opencsg,1,1,4.0
HooshvareLab,1,2,868.0
openGPT-X,1,1,347.0
open-r1,1,17,17.0
Honkware,1,1,2.0
oobabooga,1,7,9009.0
Hon-Wong,1,1,161.0
oneonlee,1,1,0.0
one-man-army,1,3,869.0
ondevicellm,1,1,0.0
omsr,1,1,0.0
osmosis-ai,1,2,17.0
Hodginson,1,1,0.0
MrDragonFox,1,1,1.0
orange67,1,2,0.0
opus-research,1,2,28.0
optimum-internal-testing,1,1,10270.0
optimum,1,5,134.0
AtAndDev,1,1,718.0
MrBananaHuman,1,1,4.0
Mr-Vicky-01,1,1,2.0
MoxoffSrL,1,2,1294.0
Asit03,1,1,1.0
Ashwin999,1,3,0.0
Ashikan,1,3,163.0
ArunSamespace,1,1,2.0
Arun63,1,1,0.0
pawin205,1,2,1.0
pavanKumar2004,1,1,2.0
pavan01729,1,3,5.0
pauhidalgoo,1,2,3.0
patched-codes,1,1,15.0
parsak,1,2,7.0
parsa-mhmdi,1,1,0.0
parlance-labs,1,1,1.0
paraschopra,1,2,1.0
panxinyang,1,1,3.0
panikos,1,1,5.0
paloalma,1,1,16593.0
oz1115,1,1,2.0
Movidlona,1,3,2.0
owlninjam,1,2,26.0
ouzkaan,1,1,2.0
MotherEarth,1,6,1.0
pharaouk,1,1,112.0
Mostafa8Mehrabi,1,6,1.0
phamtungthuy,1,1,1.0
phammminhhieu,1,1,412.0
Moses25,1,1,8.0
pgajo,1,1,4.0
petkopetkov,1,2,0.0
person123,1,1,1.0
perlthoughts,1,3,727.0
perctrix,1,1,0.0
pentagoniac,1,3,39.0
peiyi9979,1,2,5076.0
NFX74,1,1,0.0
pechaut,1,1,0.0
pdsdpo,1,1,9.0
Munia-ak,1,1,0.0
poojavalecha09,1,1,4.0
MrOvkill,1,1,1.0
polinasch,1,1,2.0
pmakiela,1,1,0.0
Hypersniper,1,1,4.0
HyperbeeAI,1,2,783.0
Hyper-AI-Computer,1,1,1.0
pinkyponky,1,1,767.0
pinkmanlove,1,1,22.0
pierreguillou,1,8,11607.0
phxia,1,1,3.0
phuongntc,1,1,1.0
phongtintruong,1,2,7.0
Hvsq,1,1,0.0
philippelaban,1,2,90.0
qing-yao,1,8,0.0
qikp,1,1,39.0
qbmrg858,1,1,10.0
pxyyy,1,1,2.0
Hurairahengg,1,1,3.0
Hugofernandez,1,2,46.0
HuggingFaceM4,1,1,255591.0
HuggingFaceH4,1,1,60051.0
probabl-ai,1,1,3.0
prince-canuma,1,12,6.0
NerooChan,1,1,3.0
pranavajay,1,1,0.0
prakhar146,1,1,85.0
prajwalcr,1,1,3.0
pradeepannepu,1,3,77.0
ppuuttyy,1,1,1.0
rayonlabs,1,1,1.0
Neooooo,1,1,2.0
ranwakhaled,1,1,0.0
rajuptvs,1,1,3.0
rajeevrr47,1,1,0.0
raicrits,1,1,1786.0
Narednra,1,1,1.0
rafalis,1,1,0.0
rafajafa,1,1,2.0
rKn7,1,1,0.0
r3m3c3,1,1,5.0
qzhang-2024,1,5,1.0
qwopqwop,1,1,3.0
NaniDAO,1,1,1.0
Nanbeige,1,25,3996.0
qkrqudwn2,1,1,0.0
refuelai,1,20,8587.0
NanQiangHF,1,1,2.0
redrussianarmy,1,5,200.0
Naman0807,1,1,0.0
redmint,1,1,1.0
redav,1,3,1.0
recoilme,1,1,29.0
Nagharjun17,1,2,3.0
reciprocate,1,1,0.0
reasonwang,1,1,4.0
realmplay,1,1,5.0
Nacho-Cola,1,1,0.0
realYinkaIyiola,1,1,4.0
NaA-IA,1,1,7.0
rbgo,1,1,4.0
rbc33,1,3,3.0
AnnaelleMyriam,1,1,1.0
AnimateBow4809,1,1,4.0
AndresR2909,1,1,28.0
AndresCamargo,1,1,0.0
Na0s,1,2,5.0
Anandnrnnffn,1,2,362.0
riple-saanvi-lab,1,2,1.0
riotu-lab,1,2,19.0
ridger,1,1,1685.0
ricostaedeli,1,1,4.0
NGalrion,1,1,12.0
Heng666,1,1,3.0
Hemanth-thunder,1,2,226.0
rhplus0831,1,1,2.0
HassaanSeeker,1,2,0.0
rfrancu,1,1,0.0
Nitish035,1,1,0.0
romanoza,1,1,2.0
rocker417,1,1,9.0
robowaifudev,1,1,4060.0
Ninjacart,1,1,0.0
robinsmits,1,2,115.0
rnnandi,1,1,7.0
rishiraj,1,11,2837.0
ArcDevs,1,1,2.0
Arc53,1,6,111.0
AravindS373,1,1,5.0
Ar4ikov,1,1,88.0
Apex-X,1,1,0.0
Anwesh0127,1,1,3.0
AnuradhaPoddar,1,1,14.0
AnonymousLLMer,1,1,0.0
NingLab,1,1,6.0
Nikity,1,2,43.0
ruv,1,1,10614.0
NghiemAbe,1,1,2.0
ruliad,1,7,13.0
rudykrol,1,1,0.0
rudrashah,1,1,58.0
Nexus402,1,4,1.0
rtl-llm,1,1,0.0
rstar2-reproduce,1,7,3.0
rshrott,1,1,2.0
NeverSleepHistorical,1,3,3.0
rpreite,1,1,0.0
ross-dev,1,1,1.0
rootsec1,1,1,11.0
rookaw,1,1,1.0
NorwAI,1,1,1791.0
sanaridas,1,1,0.0
samroni,1,1,36.0
sampoorna42,1,1,4.0
Norvyn,1,1,21.0
saltlux,1,3,1137.0
sal076,1,1,4.0
NobodyExistsOnTheInternet,1,2,787.0
HikariLight,1,1,2.0
sabaridsnfuji,1,1,71.0
s3nh,1,1,2.0
s-sahoo,1,1,121.0
rzzhan,1,1,3.0
HighCWu,1,1,5.0
HeshamHaroon,1,1,19.0
ryzax,1,1,0.0
Henrychur,1,2,2619.0
sayantan0013,1,1,0.0
sawadikab,1,1,3.0
sauravpanda,1,1,0.0
HenryJJ,1,1,682.0
Olafangensan,1,15,9067.0
satpalsr,1,1,1.0
sarthakrw,1,2,4.0
sargetun,1,1,9.0
sardukar,1,1,1.0
saraprice,1,8,9.0
sarahlintang,1,2,129.0
sangjeedondrub,1,1,33.0
OdiaGenAI,1,67,8.0
OddTheGreat,1,2,4.0
sandeep1401,1,1,3.0
sh2orc,1,3,6.0
sfairXC,1,1,5.0
Obrolin,1,2,111.0
NyxKrage,1,3,22.0
NuclearnAI,1,2,0.0
NovoCode,1,1,783.0
selfcorrexp,1,1,1.0
NovachronoAI,1,1,4.0
sehe1121,1,1,0.0
segestic,1,1,24.0
NovaSearch,1,3,20250.0
securin,1,1,2.0
sdobson,1,1,3.0
sdhan,1,1,3.0
sdadas,1,1,1521.0
scrapegoat,1,1,1.0
shuvom,1,1,113.0
NotoriousH2,1,1,1.0
shresthagarwal,1,1,0.0
shpotes,1,1,17.0
shivank21,1,2,0.0
shivam9980,1,1,2.0
shishirsv,1,1,2.0
shimonbh,1,1,2.0
shibiyaj,1,2,2.0
GuelGaMesh01,1,1,22.0
Or4cl3-1,1,1,7.0
sharpbai,1,1,956.0
shailja,1,1,257.0
shahzebnaveed,1,1,112.0
shadowml,1,1,765.0
shadowlilac,1,2,1.0
smelborp,1,23,773.0
smart-dev-art,1,1,3.0
smallstepai,1,1,19.0
OpenPipe,1,126,927.0
skyjilygao,1,1,16.0
sky-2002,1,1,2.0
OpenNLPLab,1,1,8.0
skratos115,1,1,1.0
skbose,1,1,0.0
simplescaling,1,15,1271.0
silversword,1,1,0.0
silvercoder67,1,1,670.0
OpenMOSS-Team,1,1,12.0
OpenLemur,1,4,1676.0
siddhant7876,1,1,0.0
OpenLLM-France,1,13,202.0
AlirezaAbdollahpoor,1,1,0.0
OpenFinAL,1,1,0.0
AlgorithmicResearchGroup,1,2,4.0
soramikaduki,1,1,3.0
soob3123,1,3,4.0
sonthenguyen,1,1,0.0
soniox,1,1,672.0
OpenBuddyEA,1,3,1.0
OneGate,1,1,4.0
sohaibmanah,1,1,0.0
softwareweaver,1,1,1.0
snorkelai,1,7,685.0
snorbyte,1,14,499.0
smjain,1,2,1.0
OmnicromsBrain,1,1,6.0
smile2game,1,4,3.0
sreeramajay,1,19,776.0
squeeze-ai-lab,1,1,6.0
squarelike,1,2,4.0
OsLab2025,1,1,4.0
sparky353454,1,1,0.0
Orion-zhen,1,1,6.0
soynade-research,1,1,32.0
Ammad1Ali,1,1,3.0
Amir230703,1,2,0.0
Orelian,1,1,3.0
AmeerH,1,3,0.0
OrangeBox99,1,1,0.0
Alsebay,1,1,3.0
AlphaZero123,1,1,0.0
Creekside,1,1,5.0
Almawave,1,3,3357.0
stellarnurse,1,1,1.0
stefan-it,1,1,53.0
steerapi,1,4,3.0
starvector,1,1,59320.0
Haesteining,1,1,2.0
stanrom,1,1,5.0
stanford-oval,1,1,800.0
stanford-crfm,1,1,6664.0
stabgan,1,1,1.0
ssparsh36,1,3,0.0
Haary,1,1,1.0
sshleifer,1,11,639587.0
ssaryssane,1,1,3.0
ss93,1,3,0.0
srirag,1,3,56.0
sridhar1111111111111111,1,1,3.0
suriya7,1,1,22.0
surajpuku,1,1,20.0
HWERI,1,1,870.0
HPLT,1,2,4.0
sujet-ai,1,5,21.0
sugiken,1,1,49.0
sudhanshu746,1,2,1.0
subrit,1,1,35.0
subhashtalluri,1,1,4.0
HINT-lab,1,1,3.0
stukenov,1,2,60.0
student-abdullah,1,5,2.0
HAJERI,1,2,0.0
sthenno,1,1,1.0
stewy33,1,1,0.0
steve-cse,1,2,710.0
tanliboy,1,2,3.0
H-D-T,1,1,4.0
tamT5,1,1,42.0
talaviyabhavik,1,1,0.0
takano32,1,1,5.0
Gydoo,1,1,6.0
Gustavosta,1,1,8819.0
tachyphylaxis,1,1,4.0
t-bank-ai,1,1,1670.0
szymonrucinski,1,1,1293.0
syzymon,1,1,9.0
syafiqzufayri,1,1,2.0
swj0419,1,64,13.0
GusPuffy,1,1,3.0
swarup3204,1,2,1.0
susnato,1,1,20.0
AhmadHatam,1,1,0.0
Aharneish,1,1,7.0
Agaba-Embedded4,1,3,0.0
tensoropera,1,3,104.0
tencent-community,1,3,8.0
temporary0-0name,1,2,10.0
teka38,1,1,0.0
teilomillet,1,1,799.0
teddylee777,1,1,4.0
tdrussell,1,9,21.0
tckb,1,1,0.0
tbilisi-ai-lab,1,2,21.0
taylorj94,1,1,35.0
PepitaxX,1,1,1.0
tarikkaankoc7,1,1,3.0
tarabukinivan,1,1,4.0
Peeepy,1,1,1.0
tfabron,1,1,1.0
tezodipta,1,1,13.0
testmod,1,1,1.0
tesser-ai,1,5,2.0
terrycraddock,1,2,78.0
Pclanglais,1,1,16.0
AlfredPros,1,1,15.0
AlexVal,1,1,1.0
Alestin,1,1,12.0
AlekseyKorshuk,1,1,8.0
AlbertoB12,1,1,2.0
PatoFlamejanteTV,1,1,33.0
AiMavenAi,1,5,120.0
AiAF,1,1,0.0
Ai-Thalli,1,1,4.0
tog,1,1,5.0
tlqkhanh,1,1,0.0
PathFinderKR,1,1,0.0
ParthasarathyShanmugam,1,1,0.0
timdettmers,1,2,1559.0
tifa-benchmark,1,2,100.0
thmasquerade07,1,1,6.0
thirdeyeai,1,2,2.0
PLM-Team,1,2,5.0
theship87,1,2,1.0
PJMixers-Archive,1,2,0.0
theminji,1,1,10.0
thellumi,1,1,0.0
thejpdev,1,1,12.0
theguywhosucks,1,1,2.0
theGhoul21,1,1,3.0
turkgpt,1,1,3.0
PIXMELT,1,1,4.0
tugbatumer,1,1,0.0
tsilva,1,2,0.0
tsbiosky,1,1,0.0
trongg,1,2,0.0
trollek,1,4,4.0
PIPer-iclr,1,3,0.0
Owhslp,1,1,1.0
triplee,1,1,1.0
Prashasst,1,1,47.0
touqir,1,2,108.0
tonyshark,1,2,25.0
PrasannaMadiwar,1,1,80.0
tolevi,1,1,0.0
tokennext,1,1,0.0
Abdulvajid,1,1,0.0
Prajna1999,1,1,2.0
AXEUS,1,1,2.0
uni-tianyan,1,2,935.0
umiyuki,1,3,77.0
Praful932,1,2,0.0
umarigan,1,1,22.0
ujjawal077,1,1,2.0
uer,1,4,19291.0
ucsahin,1,2,3.0
ucatalin1,1,1,0.0
Portgas37,1,1,1.0
Poonawala,1,1,1.0
tylerxdurden,1,1,0.0
twololing1,1,1,1.0
twerkmeister,1,1,0.0
PirxTion,1,3,5.0
Pinkstack,1,1,1.0
upaya07,1,2,27.0
uonyeka,1,1,0.0
universitytehran,1,3,744.0
unit-mesh,1,1,13.0
unicornftk,1,2,122.0
Adriede,1,1,2.0
AdityaXPV,1,2,4.0
Aditya685,1,1,3.0
Adi-Evolve,1,1,0.0
Adeptschneider,1,1,4.0
Ademola265,1,1,5.0
Abhiram1009,1,1,1.0
Abhinit,1,1,3.0
Abhaykoul,1,1,112.0
verseAI,1,1,2041.0
venkycs,1,1,17.0
Pi3141,1,2,0.0
vdm-gilda-4,1,1,0.0
vbhati,1,1,0.0
vanta-research,1,2,3.0
vaibkumar,1,1,0.0
vachevkd,1,1,0.0
vaatsav06,1,1,1.0
v3ray,1,1,1.0
v1olet,1,3,751.0
v000000,1,1,0.0
PharMolix,1,3,442.0
usmanxia,1,1,26.0
useless223,1,1,0.0
us4,1,1,195.0
vimal52,1,1,4.0
vilsonrodrigues,1,12,10173.0
vikp,1,1,0.0
vikhyatk,1,4,5352731.0
vikash06,1,1,711.0
vijayvarmak,1,1,2.0
viettelsecurity-ai,1,1,5.0
vietrix,1,1,0.0
PeterAM4,1,4,3.0
vietgpt,1,1,0.0
vietanhdev,1,1,0.0
vidula123,1,1,0.0
GoToCompany,1,2,5.0
vicaloy,1,1,0.0
vibhorag101,1,1,7.0
vhab10,1,1,4.0
w11wo,1,1,4.0
vtrungnhan9,1,1,5.0
vstreluk,1,1,12.0
voyageai,1,2,32847.0
vonjack,1,2,30.0
vonPipe,1,1,1.0
Glavin001,1,1,9.0
GladiusTn,1,1,6.0
viveriveniversumvivusvici,1,1,7.0
vivekmarakana,1,1,35.0
viswamaicoe,1,1,16.0
vishnukv,1,1,108.0
vishanoberoi,1,1,0.0
vishalp23,1,1,0.0
viplav0009,1,1,65.0
vinai,1,1,621.0
Gkhfe,1,1,4.0
RJ1200,1,1,7.0
AAAA-4,1,1,1.0
wenge-research,1,1,842.0
RDson,1,2,1.0
R1pathak,1,1,0.0
R-Kentaren,1,1,0.0
watashiha,1,1,29.0
wasertech,1,1,3.0
wannaphong,1,1,108.0
wanghaikuan,1,1,0.0
wandb,1,2,13.0
walledai,1,1,25.0
walebadr,1,1,673.0
waadarsh,1,1,1.0
w4r10ck,1,8,47.0
QnSang22,1,1,0.0
william590y,1,1,1.0
whynlp,1,1,2.0
whjung,1,1,1.0
QCRI,1,5,577.0
wetherbeep,1,1,2.0
weqweasdas,1,1,6.0
ARAIcorp,1,1,2.0
AL-Sayed,1,1,0.0
AISafety-Student,1,1,4.0
AIRRC,1,2,8.0
AIFT,1,1,3.0
AIFS,1,1,0.0
AIChenKai,1,1,1916.0
AI4PD,1,1,9747.0
Pullo-Africa-Protagonist,1,2,114.0
xiangxinai,1,2,8600.0
xDAN-AI,1,4,742.0
wzqacky,1,1,1.0
wwgd,1,1,2.0
wwe180,1,1,4.0
wubingheng,1,1,1.0
wtang06,1,1,1905.0
wsabreu,1,1,0.0
wop,1,2,5.0
RaduGabriel,1,1,13.0
wndknd,1,1,0.0
RUC-DataLab,1,2,8212.0
RTT-FI,1,2,2.0
winwithpartner,1,1,3.0
RP3-AI,1,1,2.0
windmaple,1,1,5.0
ybriker,1,1,0.0
RJuro,1,1,0.0
yasserrmd,1,4,109.0
yarenty,1,1,3.0
yaojialzc,1,3,8571.0
yanismiraoui,1,1,10.0
yang-z,1,1,11.0
yahma,1,1,370179.0
GroNLP,1,2,2004.0
xufofox,1,1,0.0
xriminact,1,1,0.0
xlnet,1,4,506026.0
xkbang,1,1,3.0
xinlai,1,1,32.0
xingyaoww,1,2,85.0
GraySwanAI,1,1,18651.0
GralchemOz,1,1,2.0
1kz,1,2,11.0
1bitLLM,1,2,1090.0
1TuanPham,1,6,28.0
Gopu-poss,1,1,0.0
yongchao98,1,1,48.0
yleo,1,1,4.0
yifanzhang114,1,1,6.0
yifangong,1,1,3.0
yhkkk0427,1,1,1.0
yhavinga,1,1,177.0
yfdeng,1,1,1.0
yerevann,1,1,10.0
GoofyLM,1,4,21.0
yejingfu,1,2,5.0
yeen214,1,2,797.0
09z,1,1,8.0
GodsonNtungi,1,1,2.0
yukiarimo,1,1,0.0
yukeilee,1,1,0.0
RicardoLee,1,2,4.0
ystemsrx,1,1,45.0
999G,1,1,2.0
922-Narra,1,1,3.0
922-CA,1,1,15.0
7harshit20,1,2,1.0
55mvresearch,1,1,162.0
50stars,1,1,9.0
4lchemistX,1,1,0.0
Rewatiramans,1,2,2.0
404NotF0und,1,1,5.0
0x0mom,1,1,1.0
0x0daughter1,1,1,8.0
000jd,1,1,4.0
zxbsmk,1,2,192.0
zrx-kishore,1,1,0.0
zooai,1,1,0.0
zon5000,1,1,0.0
zomd,1,1,6.0
ReliableAI,1,4,5.0
zjotero,1,6,0.0
yzsydlc,1,4,5.0
yyh0901,1,1,4.0
yyassif,1,1,2.0
yuvraj17,1,1,8.0
Redwood0,1,4,0.0
yusufblbl,1,1,22.0
AlpacaAAR,1,1,3.0
